feature_file,feature_tokens,scale,metric,pct,base_backend,variant_backend,base,variant,improve_pct
admit64,admit64,0.4,ttft_ms,p50,roseinfer+chunk1024+batch16+pprio1+wupcg16+pmeta+fastplan,roseinfer+chunk1024+batch16+pprio1+admit64+wupcg16+pmeta+fastplan,8.001581489224918,7.727639502263628,3.4235980390899687
admit64,admit64,0.4,ttft_ms,p90,roseinfer+chunk1024+batch16+pprio1+wupcg16+pmeta+fastplan,roseinfer+chunk1024+batch16+pprio1+admit64+wupcg16+pmeta+fastplan,10.72062729508616,10.31137149548158,3.817461313967735
admit64,admit64,0.4,ttft_ms,p99,roseinfer+chunk1024+batch16+pprio1+wupcg16+pmeta+fastplan,roseinfer+chunk1024+batch16+pprio1+admit64+wupcg16+pmeta+fastplan,13.403965632023743,14.340510715555856,-6.987074640765943
admit64,admit64,0.4,itl_ms,p50,roseinfer+chunk1024+batch16+pprio1+wupcg16+pmeta+fastplan,roseinfer+chunk1024+batch16+pprio1+admit64+wupcg16+pmeta+fastplan,1.2767535081366077,1.2747379951179028,0.15786234428652918
admit64,admit64,0.4,itl_ms,p90,roseinfer+chunk1024+batch16+pprio1+wupcg16+pmeta+fastplan,roseinfer+chunk1024+batch16+pprio1+admit64+wupcg16+pmeta+fastplan,1.5208356111543253,1.5122024982701987,0.567655887382464
admit64,admit64,0.4,itl_ms,p99,roseinfer+chunk1024+batch16+pprio1+wupcg16+pmeta+fastplan,roseinfer+chunk1024+batch16+pprio1+admit64+wupcg16+pmeta+fastplan,2.5322177947964506,2.552429412025957,-0.7981784691285237
admit64,admit64,0.4,tpot_ms,p50,roseinfer+chunk1024+batch16+pprio1+wupcg16+pmeta+fastplan,roseinfer+chunk1024+batch16+pprio1+admit64+wupcg16+pmeta+fastplan,1.3360305393424516,1.3326237519687834,0.2549932260788731
admit64,admit64,0.4,tpot_ms,p90,roseinfer+chunk1024+batch16+pprio1+wupcg16+pmeta+fastplan,roseinfer+chunk1024+batch16+pprio1+admit64+wupcg16+pmeta+fastplan,1.4339606955872986,1.4392840276208114,-0.3712327715741629
admit64,admit64,0.4,tpot_ms,p99,roseinfer+chunk1024+batch16+pprio1+wupcg16+pmeta+fastplan,roseinfer+chunk1024+batch16+pprio1+admit64+wupcg16+pmeta+fastplan,1.5736880561558704,1.6037926591513862,-1.9129968533315267
admit64,admit64,0.4,e2e_ms,p50,roseinfer+chunk1024+batch16+pprio1+wupcg16+pmeta+fastplan,roseinfer+chunk1024+batch16+pprio1+admit64+wupcg16+pmeta+fastplan,172.872560491669,172.07598901586607,0.4607853748086926
admit64,admit64,0.4,e2e_ms,p90,roseinfer+chunk1024+batch16+pprio1+wupcg16+pmeta+fastplan,roseinfer+chunk1024+batch16+pprio1+admit64+wupcg16+pmeta+fastplan,186.39619391178712,186.5551170980325,-0.08526096102615996
admit64,admit64,0.4,e2e_ms,p99,roseinfer+chunk1024+batch16+pprio1+wupcg16+pmeta+fastplan,roseinfer+chunk1024+batch16+pprio1+admit64+wupcg16+pmeta+fastplan,206.47802787745604,205.4509123670868,0.4974454284205153
aflush,aflush,0.4,ttft_ms,p50,roseinfer+chunk1024+batch16+pprio1+wupcg16+pmeta+fastplan,roseinfer+chunk1024+batch16+pprio1+wupcg16+pmeta+fastplan+aflush,8.001581489224918,7.397920999210328,7.544264728510121
aflush,aflush,0.4,ttft_ms,p90,roseinfer+chunk1024+batch16+pprio1+wupcg16+pmeta+fastplan,roseinfer+chunk1024+batch16+pprio1+wupcg16+pmeta+fastplan+aflush,10.72062729508616,10.204927119775675,4.810354479414261
aflush,aflush,0.4,ttft_ms,p99,roseinfer+chunk1024+batch16+pprio1+wupcg16+pmeta+fastplan,roseinfer+chunk1024+batch16+pprio1+wupcg16+pmeta+fastplan+aflush,13.403965632023743,14.013774437480597,-4.549465599941148
aflush,aflush,0.4,itl_ms,p50,roseinfer+chunk1024+batch16+pprio1+wupcg16+pmeta+fastplan,roseinfer+chunk1024+batch16+pprio1+wupcg16+pmeta+fastplan+aflush,1.2767535081366077,1.126698000007309,11.752895697800058
aflush,aflush,0.4,itl_ms,p90,roseinfer+chunk1024+batch16+pprio1+wupcg16+pmeta+fastplan,roseinfer+chunk1024+batch16+pprio1+wupcg16+pmeta+fastplan+aflush,1.5208356111543253,1.38552179269027,8.897333641559788
aflush,aflush,0.4,itl_ms,p99,roseinfer+chunk1024+batch16+pprio1+wupcg16+pmeta+fastplan,roseinfer+chunk1024+batch16+pprio1+wupcg16+pmeta+fastplan+aflush,2.5322177947964506,2.377411675697655,6.113459885516657
aflush,aflush,0.4,tpot_ms,p50,roseinfer+chunk1024+batch16+pprio1+wupcg16+pmeta+fastplan,roseinfer+chunk1024+batch16+pprio1+wupcg16+pmeta+fastplan+aflush,1.3360305393424516,1.1834336888626233,11.421658860802031
aflush,aflush,0.4,tpot_ms,p90,roseinfer+chunk1024+batch16+pprio1+wupcg16+pmeta+fastplan,roseinfer+chunk1024+batch16+pprio1+wupcg16+pmeta+fastplan+aflush,1.4339606955872986,1.3457505441786026,6.151504129795429
aflush,aflush,0.4,tpot_ms,p99,roseinfer+chunk1024+batch16+pprio1+wupcg16+pmeta+fastplan,roseinfer+chunk1024+batch16+pprio1+wupcg16+pmeta+fastplan+aflush,1.5736880561558704,1.4837717321265018,5.71373238029218
aflush,aflush,0.4,e2e_ms,p50,roseinfer+chunk1024+batch16+pprio1+wupcg16+pmeta+fastplan,roseinfer+chunk1024+batch16+pprio1+wupcg16+pmeta+fastplan+aflush,172.872560491669,152.95823948690668,11.519654101335544
aflush,aflush,0.4,e2e_ms,p90,roseinfer+chunk1024+batch16+pprio1+wupcg16+pmeta+fastplan,roseinfer+chunk1024+batch16+pprio1+wupcg16+pmeta+fastplan+aflush,186.39619391178712,168.4454342117533,9.630432533686333
aflush,aflush,0.4,e2e_ms,p99,roseinfer+chunk1024+batch16+pprio1+wupcg16+pmeta+fastplan,roseinfer+chunk1024+batch16+pprio1+wupcg16+pmeta+fastplan+aflush,206.47802787745604,197.2087269317126,4.489243258001645
bffwd,bffwd,0.4,ttft_ms,p50,roseinfer+chunk1024+batch16+wupcg16+pmeta+fastplan,roseinfer+chunk1024+batch16+wupcg16+bffwd+pmeta+fastplan,8.06313099747058,9.232294993125834,-14.500124033976661
bffwd,bffwd,0.4,ttft_ms,p90,roseinfer+chunk1024+batch16+wupcg16+pmeta+fastplan,roseinfer+chunk1024+batch16+wupcg16+bffwd+pmeta+fastplan,11.507742403773591,13.425456889672205,-16.664558682420292
bffwd,bffwd,0.4,ttft_ms,p99,roseinfer+chunk1024+batch16+wupcg16+pmeta+fastplan,roseinfer+chunk1024+batch16+wupcg16+bffwd+pmeta+fastplan,14.800841882242814,20.782400037569456,-40.413634595360186
bffwd,bffwd,0.4,itl_ms,p50,roseinfer+chunk1024+batch16+wupcg16+pmeta+fastplan,roseinfer+chunk1024+batch16+wupcg16+bffwd+pmeta+fastplan,1.2711859890259802,1.2746779975714162,-0.27470476984344705
bffwd,bffwd,0.4,itl_ms,p90,roseinfer+chunk1024+batch16+wupcg16+pmeta+fastplan,roseinfer+chunk1024+batch16+wupcg16+bffwd+pmeta+fastplan,1.5225702081806958,1.5269562019966543,-0.28806512779461785
bffwd,bffwd,0.4,itl_ms,p99,roseinfer+chunk1024+batch16+wupcg16+pmeta+fastplan,roseinfer+chunk1024+batch16+wupcg16+bffwd+pmeta+fastplan,2.553374816779981,2.637068543990609,-3.277768961322067
bffwd,bffwd,0.4,tpot_ms,p50,roseinfer+chunk1024+batch16+wupcg16+pmeta+fastplan,roseinfer+chunk1024+batch16+wupcg16+bffwd+pmeta+fastplan,1.3324910677072181,1.337227035395427,-0.35542209647663037
bffwd,bffwd,0.4,tpot_ms,p90,roseinfer+chunk1024+batch16+wupcg16+pmeta+fastplan,roseinfer+chunk1024+batch16+wupcg16+bffwd+pmeta+fastplan,1.43682103293065,1.4643240475258525,-1.91415729341776
bffwd,bffwd,0.4,tpot_ms,p99,roseinfer+chunk1024+batch16+wupcg16+pmeta+fastplan,roseinfer+chunk1024+batch16+wupcg16+bffwd+pmeta+fastplan,1.5821802904407718,1.6835051704281536,-6.404129832710419
bffwd,bffwd,0.4,e2e_ms,p50,roseinfer+chunk1024+batch16+wupcg16+pmeta+fastplan,roseinfer+chunk1024+batch16+wupcg16+bffwd+pmeta+fastplan,172.4459940160159,173.7343470013002,-0.7471051981437363
bffwd,bffwd,0.4,e2e_ms,p90,roseinfer+chunk1024+batch16+wupcg16+pmeta+fastplan,roseinfer+chunk1024+batch16+wupcg16+bffwd+pmeta+fastplan,186.8058191088494,190.8031051949365,-2.139808120087494
bffwd,bffwd,0.4,e2e_ms,p99,roseinfer+chunk1024+batch16+wupcg16+pmeta+fastplan,roseinfer+chunk1024+batch16+wupcg16+bffwd+pmeta+fastplan,207.18130430526793,221.487731145462,-6.905269222127538
chunkbkt,chunkbkt,0.4,ttft_ms,p50,roseinfer+chunk1024+batch16+wupcg16+pmeta+fastplan,roseinfer+chunk1024+chunkbkt+batch16+wupcg16+pmeta+fastplan,8.06313099747058,8.109079499263316,-0.5698592991624529
chunkbkt,chunkbkt,0.4,ttft_ms,p90,roseinfer+chunk1024+batch16+wupcg16+pmeta+fastplan,roseinfer+chunk1024+chunkbkt+batch16+wupcg16+pmeta+fastplan,11.507742403773591,11.63744720397517,-1.1271089988862406
chunkbkt,chunkbkt,0.4,ttft_ms,p99,roseinfer+chunk1024+batch16+wupcg16+pmeta+fastplan,roseinfer+chunk1024+chunkbkt+batch16+wupcg16+pmeta+fastplan,14.800841882242814,17.400287103082512,-17.56282001740969
chunkbkt,chunkbkt,0.4,itl_ms,p50,roseinfer+chunk1024+batch16+wupcg16+pmeta+fastplan,roseinfer+chunk1024+chunkbkt+batch16+wupcg16+pmeta+fastplan,1.2711859890259802,1.127826006268151,11.277655983895459
chunkbkt,chunkbkt,0.4,itl_ms,p90,roseinfer+chunk1024+batch16+wupcg16+pmeta+fastplan,roseinfer+chunk1024+chunkbkt+batch16+wupcg16+pmeta+fastplan,1.5225702081806958,1.3823708839481699,9.208069583868234
chunkbkt,chunkbkt,0.4,itl_ms,p99,roseinfer+chunk1024+batch16+wupcg16+pmeta+fastplan,roseinfer+chunk1024+chunkbkt+batch16+wupcg16+pmeta+fastplan,2.553374816779981,2.355862107360734,7.735359028422104
chunkbkt,chunkbkt,0.4,tpot_ms,p50,roseinfer+chunk1024+batch16+wupcg16+pmeta+fastplan,roseinfer+chunk1024+chunkbkt+batch16+wupcg16+pmeta+fastplan,1.3324910677072181,1.1820088063672052,11.293303571553675
chunkbkt,chunkbkt,0.4,tpot_ms,p90,roseinfer+chunk1024+batch16+wupcg16+pmeta+fastplan,roseinfer+chunk1024+chunkbkt+batch16+wupcg16+pmeta+fastplan,1.43682103293065,1.3488394290692194,6.123351610602241
chunkbkt,chunkbkt,0.4,tpot_ms,p99,roseinfer+chunk1024+batch16+wupcg16+pmeta+fastplan,roseinfer+chunk1024+chunkbkt+batch16+wupcg16+pmeta+fastplan,1.5821802904407718,1.5236334682865742,3.7003887931057045
chunkbkt,chunkbkt,0.4,e2e_ms,p50,roseinfer+chunk1024+batch16+wupcg16+pmeta+fastplan,roseinfer+chunk1024+chunkbkt+batch16+wupcg16+pmeta+fastplan,172.4459940160159,154.02371551317628,10.682926331781676
chunkbkt,chunkbkt,0.4,e2e_ms,p90,roseinfer+chunk1024+batch16+wupcg16+pmeta+fastplan,roseinfer+chunk1024+chunkbkt+batch16+wupcg16+pmeta+fastplan,186.8058191088494,169.88216110039502,9.059491877280957
chunkbkt,chunkbkt,0.4,e2e_ms,p99,roseinfer+chunk1024+batch16+wupcg16+pmeta+fastplan,roseinfer+chunk1024+chunkbkt+batch16+wupcg16+pmeta+fastplan,207.18130430526793,203.96659478778017,1.5516407372120318
dcap8,dcap8,0.4,ttft_ms,p50,roseinfer+chunk1024+batch16+wupcg16+pmeta+fastplan,roseinfer+chunk1024+batch16+dcap8+wupcg16+pmeta+fastplan,8.06313099747058,7.960150993312709,1.2771714138115335
dcap8,dcap8,0.4,ttft_ms,p90,roseinfer+chunk1024+batch16+wupcg16+pmeta+fastplan,roseinfer+chunk1024+batch16+dcap8+wupcg16+pmeta+fastplan,11.507742403773591,11.65937399782706,-1.3176484903220196
dcap8,dcap8,0.4,ttft_ms,p99,roseinfer+chunk1024+batch16+wupcg16+pmeta+fastplan,roseinfer+chunk1024+batch16+dcap8+wupcg16+pmeta+fastplan,14.800841882242814,17.335941021738098,-17.128073927583454
dcap8,dcap8,0.4,itl_ms,p50,roseinfer+chunk1024+batch16+wupcg16+pmeta+fastplan,roseinfer+chunk1024+batch16+dcap8+wupcg16+pmeta+fastplan,1.2711859890259802,1.2746969878207892,-0.2761986699915733
dcap8,dcap8,0.4,itl_ms,p90,roseinfer+chunk1024+batch16+wupcg16+pmeta+fastplan,roseinfer+chunk1024+batch16+dcap8+wupcg16+pmeta+fastplan,1.5225702081806958,1.5106859907973567,0.7805365768675749
dcap8,dcap8,0.4,itl_ms,p99,roseinfer+chunk1024+batch16+wupcg16+pmeta+fastplan,roseinfer+chunk1024+batch16+dcap8+wupcg16+pmeta+fastplan,2.553374816779981,2.507612054178023,1.7922461794962228
dcap8,dcap8,0.4,tpot_ms,p50,roseinfer+chunk1024+batch16+wupcg16+pmeta+fastplan,roseinfer+chunk1024+batch16+dcap8+wupcg16+pmeta+fastplan,1.3324910677072181,1.332881421242166,-0.02929502076284418
dcap8,dcap8,0.4,tpot_ms,p90,roseinfer+chunk1024+batch16+wupcg16+pmeta+fastplan,roseinfer+chunk1024+batch16+dcap8+wupcg16+pmeta+fastplan,1.43682103293065,1.4412872077334362,-0.3108372372359105
dcap8,dcap8,0.4,tpot_ms,p99,roseinfer+chunk1024+batch16+wupcg16+pmeta+fastplan,roseinfer+chunk1024+batch16+dcap8+wupcg16+pmeta+fastplan,1.5821802904407718,1.6170626563202464,-2.204702339564404
dcap8,dcap8,0.4,e2e_ms,p50,roseinfer+chunk1024+batch16+wupcg16+pmeta+fastplan,roseinfer+chunk1024+batch16+dcap8+wupcg16+pmeta+fastplan,172.4459940160159,172.26965399459004,0.10225811416035595
dcap8,dcap8,0.4,e2e_ms,p90,roseinfer+chunk1024+batch16+wupcg16+pmeta+fastplan,roseinfer+chunk1024+batch16+dcap8+wupcg16+pmeta+fastplan,186.8058191088494,187.30589270126075,-0.2676970100808089
dcap8,dcap8,0.4,e2e_ms,p99,roseinfer+chunk1024+batch16+wupcg16+pmeta+fastplan,roseinfer+chunk1024+batch16+dcap8+wupcg16+pmeta+fastplan,207.18130430526793,213.45541803661035,-3.028320413553307
evtq,evtq,0.4,ttft_ms,p50,roseinfer+chunk1024+peager+batch16+pprio1+wupcg16+pmeta+fastplan,roseinfer+chunk1024+peager+evtq+batch16+pprio1+wupcg16+pmeta+fastplan,7.949915976496413,12.890702491858974,-62.14891490639379
evtq,evtq,0.4,ttft_ms,p90,roseinfer+chunk1024+peager+batch16+pprio1+wupcg16+pmeta+fastplan,roseinfer+chunk1024+peager+evtq+batch16+pprio1+wupcg16+pmeta+fastplan,9.83629620168358,51.573942409595475,-424.3227872780821
evtq,evtq,0.4,ttft_ms,p99,roseinfer+chunk1024+peager+batch16+pprio1+wupcg16+pmeta+fastplan,roseinfer+chunk1024+peager+evtq+batch16+pprio1+wupcg16+pmeta+fastplan,11.635485169827003,62.39194032910743,-436.22121826858955
evtq,evtq,0.4,itl_ms,p50,roseinfer+chunk1024+peager+batch16+pprio1+wupcg16+pmeta+fastplan,roseinfer+chunk1024+peager+evtq+batch16+pprio1+wupcg16+pmeta+fastplan,1.274758018553257,0.2502950082998723,80.36529249810596
evtq,evtq,0.4,itl_ms,p90,roseinfer+chunk1024+peager+batch16+pprio1+wupcg16+pmeta+fastplan,roseinfer+chunk1024+peager+evtq+batch16+pprio1+wupcg16+pmeta+fastplan,1.5174136264249682,1.1593258648645133,23.598559768051576
evtq,evtq,0.4,itl_ms,p99,roseinfer+chunk1024+peager+batch16+pprio1+wupcg16+pmeta+fastplan,roseinfer+chunk1024+peager+evtq+batch16+pprio1+wupcg16+pmeta+fastplan,2.4203383596614008,41.82729661872141,-1628.1590589083153
evtq,evtq,0.4,tpot_ms,p50,roseinfer+chunk1024+peager+batch16+pprio1+wupcg16+pmeta+fastplan,roseinfer+chunk1024+peager+evtq+batch16+pprio1+wupcg16+pmeta+fastplan,1.330447748054083,1.2486983401828446,6.1445034568854995
evtq,evtq,0.4,tpot_ms,p90,roseinfer+chunk1024+peager+batch16+pprio1+wupcg16+pmeta+fastplan,roseinfer+chunk1024+peager+evtq+batch16+pprio1+wupcg16+pmeta+fastplan,1.442046002232458,1.6436823736260209,-13.982658741912946
evtq,evtq,0.4,tpot_ms,p99,roseinfer+chunk1024+peager+batch16+pprio1+wupcg16+pmeta+fastplan,roseinfer+chunk1024+peager+evtq+batch16+pprio1+wupcg16+pmeta+fastplan,1.5756085286041588,2.365233602288657,-50.11556229541559
evtq,evtq,0.4,e2e_ms,p50,roseinfer+chunk1024+peager+batch16+pprio1+wupcg16+pmeta+fastplan,roseinfer+chunk1024+peager+evtq+batch16+pprio1+wupcg16+pmeta+fastplan,172.16598900267854,179.25716401077807,-4.118801308654058
evtq,evtq,0.4,e2e_ms,p90,roseinfer+chunk1024+peager+batch16+pprio1+wupcg16+pmeta+fastplan,roseinfer+chunk1024+peager+evtq+batch16+pprio1+wupcg16+pmeta+fastplan,186.18823157739826,228.0753742379602,-22.497202054980313
evtq,evtq,0.4,e2e_ms,p99,roseinfer+chunk1024+peager+batch16+pprio1+wupcg16+pmeta+fastplan,roseinfer+chunk1024+peager+evtq+batch16+pprio1+wupcg16+pmeta+fastplan,204.8703487619059,303.0332694988464,-47.91465496601583
fanopast,fanopast,0.4,ttft_ms,p50,roseinfer+chunk1024+batch16+wupcg16+pmeta+fastplan,roseinfer+chunk1024+batch16+wupcg16+pmeta+fastplan+fanopast,8.06313099747058,8.129306996124797,-0.8207233477290158
fanopast,fanopast,0.4,ttft_ms,p90,roseinfer+chunk1024+batch16+wupcg16+pmeta+fastplan,roseinfer+chunk1024+batch16+wupcg16+pmeta+fastplan+fanopast,11.507742403773591,12.247272912645712,-6.4263735051074535
fanopast,fanopast,0.4,ttft_ms,p99,roseinfer+chunk1024+batch16+wupcg16+pmeta+fastplan,roseinfer+chunk1024+batch16+wupcg16+pmeta+fastplan+fanopast,14.800841882242814,18.71210358862299,-26.42594075052366
fanopast,fanopast,0.4,itl_ms,p50,roseinfer+chunk1024+batch16+wupcg16+pmeta+fastplan,roseinfer+chunk1024+batch16+wupcg16+pmeta+fastplan+fanopast,1.2711859890259802,1.2767494918080047,-0.43766237435383953
fanopast,fanopast,0.4,itl_ms,p90,roseinfer+chunk1024+batch16+wupcg16+pmeta+fastplan,roseinfer+chunk1024+batch16+wupcg16+pmeta+fastplan+fanopast,1.5225702081806958,1.5152391104493292,0.4814948888384194
fanopast,fanopast,0.4,itl_ms,p99,roseinfer+chunk1024+batch16+wupcg16+pmeta+fastplan,roseinfer+chunk1024+batch16+wupcg16+pmeta+fastplan+fanopast,2.553374816779981,2.564245084940915,-0.425721601446762
fanopast,fanopast,0.4,tpot_ms,p50,roseinfer+chunk1024+batch16+wupcg16+pmeta+fastplan,roseinfer+chunk1024+batch16+wupcg16+pmeta+fastplan+fanopast,1.3324910677072181,1.3349634015659515,-0.1855422462971879
fanopast,fanopast,0.4,tpot_ms,p90,roseinfer+chunk1024+batch16+wupcg16+pmeta+fastplan,roseinfer+chunk1024+batch16+wupcg16+pmeta+fastplan+fanopast,1.43682103293065,1.445258981984608,-0.5872651402344249
fanopast,fanopast,0.4,tpot_ms,p99,roseinfer+chunk1024+batch16+wupcg16+pmeta+fastplan,roseinfer+chunk1024+batch16+wupcg16+pmeta+fastplan+fanopast,1.5821802904407718,1.6354098173310267,-3.364314876873229
fanopast,fanopast,0.4,e2e_ms,p50,roseinfer+chunk1024+batch16+wupcg16+pmeta+fastplan,roseinfer+chunk1024+batch16+wupcg16+pmeta+fastplan+fanopast,172.4459940160159,173.35816648846958,-0.5289612424217627
fanopast,fanopast,0.4,e2e_ms,p90,roseinfer+chunk1024+batch16+wupcg16+pmeta+fastplan,roseinfer+chunk1024+batch16+wupcg16+pmeta+fastplan+fanopast,186.8058191088494,187.95047871826682,-0.6127537219546958
fanopast,fanopast,0.4,e2e_ms,p99,roseinfer+chunk1024+batch16+wupcg16+pmeta+fastplan,roseinfer+chunk1024+batch16+wupcg16+pmeta+fastplan+fanopast,207.18130430526793,215.66687467886365,-4.095722054675742
fbsync,fbsync,0.4,ttft_ms,p50,roseinfer+batch16,roseinfer+batch16+fbsync,9.75499750347808,9.312929993029684,4.531702958312188
fbsync,fbsync,0.4,ttft_ms,p90,roseinfer+batch16,roseinfer+batch16+fbsync,15.65713319578208,15.254658507183194,2.5705516046022394
fbsync,fbsync,0.4,ttft_ms,p99,roseinfer+batch16,roseinfer+batch16+fbsync,26.173728694557205,24.458303730352778,6.553995360092303
fbsync,fbsync,0.4,itl_ms,p50,roseinfer+batch16,roseinfer+batch16+fbsync,1.2795520015060902,1.128416508436203,11.811594440241107
fbsync,fbsync,0.4,itl_ms,p90,roseinfer+batch16,roseinfer+batch16+fbsync,1.5353930066339672,1.3844842265825719,9.8286744435701
fbsync,fbsync,0.4,itl_ms,p99,roseinfer+batch16,roseinfer+batch16+fbsync,2.729389991145581,2.330942635890095,14.598403179761402
fbsync,fbsync,0.4,tpot_ms,p50,roseinfer+batch16,roseinfer+batch16+fbsync,1.3508925076453089,1.1839567558513586,12.35744153211197
fbsync,fbsync,0.4,tpot_ms,p90,roseinfer+batch16,roseinfer+batch16+fbsync,1.5205864706824355,1.4142419001269602,6.99365492235033
fbsync,fbsync,0.4,tpot_ms,p99,roseinfer+batch16,roseinfer+batch16+fbsync,1.9906532652969435,1.7720549721839125,10.981233996088363
fbsync,fbsync,0.4,e2e_ms,p50,roseinfer+batch16,roseinfer+batch16+fbsync,175.5709535209462,155.2347069955431,11.582921956949404
fbsync,fbsync,0.4,e2e_ms,p90,roseinfer+batch16,roseinfer+batch16+fbsync,197.32845071703196,184.0256522234995,6.741449823983372
fbsync,fbsync,0.4,e2e_ms,p99,roseinfer+batch16,roseinfer+batch16+fbsync,259.44624907569954,238.14091482956425,8.211849013827505
idleka,idleka,0.4,ttft_ms,p50,roseinfer+chunk1024+peager+batch16+pprio1+wupcg16+pmeta+fastplan,roseinfer+chunk1024+peager+batch16+pprio1+wupcg16+pmeta+fastplan+idleka,7.949915976496413,7.899443007772788,0.6348868198462237
idleka,idleka,0.4,ttft_ms,p90,roseinfer+chunk1024+peager+batch16+pprio1+wupcg16+pmeta+fastplan,roseinfer+chunk1024+peager+batch16+pprio1+wupcg16+pmeta+fastplan+idleka,9.83629620168358,10.330550209619105,-5.024797930047363
idleka,idleka,0.4,ttft_ms,p99,roseinfer+chunk1024+peager+batch16+pprio1+wupcg16+pmeta+fastplan,roseinfer+chunk1024+peager+batch16+pprio1+wupcg16+pmeta+fastplan+idleka,11.635485169827003,11.531023351708416,0.8977865262505417
idleka,idleka,0.4,itl_ms,p50,roseinfer+chunk1024+peager+batch16+pprio1+wupcg16+pmeta+fastplan,roseinfer+chunk1024+peager+batch16+pprio1+wupcg16+pmeta+fastplan+idleka,1.274758018553257,1.2747920118272305,-0.0026666452360930796
idleka,idleka,0.4,itl_ms,p90,roseinfer+chunk1024+peager+batch16+pprio1+wupcg16+pmeta+fastplan,roseinfer+chunk1024+peager+batch16+pprio1+wupcg16+pmeta+fastplan+idleka,1.5174136264249682,1.5231439843773842,-0.37763981109861827
idleka,idleka,0.4,itl_ms,p99,roseinfer+chunk1024+peager+batch16+pprio1+wupcg16+pmeta+fastplan,roseinfer+chunk1024+peager+batch16+pprio1+wupcg16+pmeta+fastplan+idleka,2.4203383596614008,2.3789898119867017,1.7083788103281414
idleka,idleka,0.4,tpot_ms,p50,roseinfer+chunk1024+peager+batch16+pprio1+wupcg16+pmeta+fastplan,roseinfer+chunk1024+peager+batch16+pprio1+wupcg16+pmeta+fastplan+idleka,1.330447748054083,1.3314974312256724,-0.07889698585492344
idleka,idleka,0.4,tpot_ms,p90,roseinfer+chunk1024+peager+batch16+pprio1+wupcg16+pmeta+fastplan,roseinfer+chunk1024+peager+batch16+pprio1+wupcg16+pmeta+fastplan+idleka,1.442046002232458,1.4379857958061308,0.28155873113904933
idleka,idleka,0.4,tpot_ms,p99,roseinfer+chunk1024+peager+batch16+pprio1+wupcg16+pmeta+fastplan,roseinfer+chunk1024+peager+batch16+pprio1+wupcg16+pmeta+fastplan+idleka,1.5756085286041588,1.5552822079217998,1.2900616056176193
idleka,idleka,0.4,e2e_ms,p50,roseinfer+chunk1024+peager+batch16+pprio1+wupcg16+pmeta+fastplan,roseinfer+chunk1024+peager+batch16+pprio1+wupcg16+pmeta+fastplan+idleka,172.16598900267854,172.4531474756077,-0.16679163787958276
idleka,idleka,0.4,e2e_ms,p90,roseinfer+chunk1024+peager+batch16+pprio1+wupcg16+pmeta+fastplan,roseinfer+chunk1024+peager+batch16+pprio1+wupcg16+pmeta+fastplan+idleka,186.18823157739826,186.90772137488239,-0.386431404062742
idleka,idleka,0.4,e2e_ms,p99,roseinfer+chunk1024+peager+batch16+pprio1+wupcg16+pmeta+fastplan,roseinfer+chunk1024+peager+batch16+pprio1+wupcg16+pmeta+fastplan+idleka,204.8703487619059,205.66953392291904,-0.39009313248250727
lastlogits,lastlogits,0.4,ttft_ms,p50,roseinfer+chunk1024+batch16+wupcg16+pmeta+fastplan,roseinfer+chunk1024+lastlogits+batch16+wupcg16+pmeta+fastplan,8.06313099747058,8.09944850334432,-0.4504144343572316
lastlogits,lastlogits,0.4,ttft_ms,p90,roseinfer+chunk1024+batch16+wupcg16+pmeta+fastplan,roseinfer+chunk1024+lastlogits+batch16+wupcg16+pmeta+fastplan,11.507742403773591,12.005624710582197,-4.3264985375875415
lastlogits,lastlogits,0.4,ttft_ms,p99,roseinfer+chunk1024+batch16+wupcg16+pmeta+fastplan,roseinfer+chunk1024+lastlogits+batch16+wupcg16+pmeta+fastplan,14.800841882242814,14.954037317947941,-1.0350454178483066
lastlogits,lastlogits,0.4,itl_ms,p50,roseinfer+chunk1024+batch16+wupcg16+pmeta+fastplan,roseinfer+chunk1024+lastlogits+batch16+wupcg16+pmeta+fastplan,1.2711859890259802,1.2739350204356015,-0.21625721439296436
lastlogits,lastlogits,0.4,itl_ms,p90,roseinfer+chunk1024+batch16+wupcg16+pmeta+fastplan,roseinfer+chunk1024+lastlogits+batch16+wupcg16+pmeta+fastplan,1.5225702081806958,1.5280682186130434,-0.361100618073775
lastlogits,lastlogits,0.4,itl_ms,p99,roseinfer+chunk1024+batch16+wupcg16+pmeta+fastplan,roseinfer+chunk1024+lastlogits+batch16+wupcg16+pmeta+fastplan,2.553374816779981,2.5061025226023115,1.8513652546038515
lastlogits,lastlogits,0.4,tpot_ms,p50,roseinfer+chunk1024+batch16+wupcg16+pmeta+fastplan,roseinfer+chunk1024+lastlogits+batch16+wupcg16+pmeta+fastplan,1.3324910677072181,1.3362009882171617,-0.278419915889352
lastlogits,lastlogits,0.4,tpot_ms,p90,roseinfer+chunk1024+batch16+wupcg16+pmeta+fastplan,roseinfer+chunk1024+lastlogits+batch16+wupcg16+pmeta+fastplan,1.43682103293065,1.443007464665093,-0.4305638345107301
lastlogits,lastlogits,0.4,tpot_ms,p99,roseinfer+chunk1024+batch16+wupcg16+pmeta+fastplan,roseinfer+chunk1024+lastlogits+batch16+wupcg16+pmeta+fastplan,1.5821802904407718,1.5872151022236132,-0.31821985226719973
lastlogits,lastlogits,0.4,e2e_ms,p50,roseinfer+chunk1024+batch16+wupcg16+pmeta+fastplan,roseinfer+chunk1024+lastlogits+batch16+wupcg16+pmeta+fastplan,172.4459940160159,173.5002394998446,-0.6113482019946462
lastlogits,lastlogits,0.4,e2e_ms,p90,roseinfer+chunk1024+batch16+wupcg16+pmeta+fastplan,roseinfer+chunk1024+lastlogits+batch16+wupcg16+pmeta+fastplan,186.8058191088494,187.52003049303312,-0.3823282313103776
lastlogits,lastlogits,0.4,e2e_ms,p99,roseinfer+chunk1024+batch16+wupcg16+pmeta+fastplan,roseinfer+chunk1024+lastlogits+batch16+wupcg16+pmeta+fastplan,207.18130430526793,209.73535939730934,-1.23276330391191
lastlogits_peager,lastlogits+peager,0.4,ttft_ms,p50,roseinfer+chunk1024+peager+batch16+pprio1+wupcg16+pmeta+fastplan,roseinfer+chunk1024+lastlogits+peager+batch16+pprio1+wupcg16+pmeta+fastplan,7.949915976496413,7.9175739956554025,0.40682166876516046
lastlogits_peager,lastlogits+peager,0.4,ttft_ms,p90,roseinfer+chunk1024+peager+batch16+pprio1+wupcg16+pmeta+fastplan,roseinfer+chunk1024+lastlogits+peager+batch16+pprio1+wupcg16+pmeta+fastplan,9.83629620168358,10.158028081059456,-3.2708640811447642
lastlogits_peager,lastlogits+peager,0.4,ttft_ms,p99,roseinfer+chunk1024+peager+batch16+pprio1+wupcg16+pmeta+fastplan,roseinfer+chunk1024+lastlogits+peager+batch16+pprio1+wupcg16+pmeta+fastplan,11.635485169827003,12.431919957743947,-6.844878200543357
lastlogits_peager,lastlogits+peager,0.4,itl_ms,p50,roseinfer+chunk1024+peager+batch16+pprio1+wupcg16+pmeta+fastplan,roseinfer+chunk1024+lastlogits+peager+batch16+pprio1+wupcg16+pmeta+fastplan,1.274758018553257,1.274868962354958,-0.008703126404098305
lastlogits_peager,lastlogits+peager,0.4,itl_ms,p90,roseinfer+chunk1024+peager+batch16+pprio1+wupcg16+pmeta+fastplan,roseinfer+chunk1024+lastlogits+peager+batch16+pprio1+wupcg16+pmeta+fastplan,1.5174136264249682,1.5145165205467492,0.19092393977274344
lastlogits_peager,lastlogits+peager,0.4,itl_ms,p99,roseinfer+chunk1024+peager+batch16+pprio1+wupcg16+pmeta+fastplan,roseinfer+chunk1024+lastlogits+peager+batch16+pprio1+wupcg16+pmeta+fastplan,2.4203383596614008,2.3542921780608577,2.7287995224677095
lastlogits_peager,lastlogits+peager,0.4,tpot_ms,p50,roseinfer+chunk1024+peager+batch16+pprio1+wupcg16+pmeta+fastplan,roseinfer+chunk1024+lastlogits+peager+batch16+pprio1+wupcg16+pmeta+fastplan,1.330447748054083,1.3285141104124634,0.14533736063275196
lastlogits_peager,lastlogits+peager,0.4,tpot_ms,p90,roseinfer+chunk1024+peager+batch16+pprio1+wupcg16+pmeta+fastplan,roseinfer+chunk1024+lastlogits+peager+batch16+pprio1+wupcg16+pmeta+fastplan,1.442046002232458,1.4343641028512095,0.532708344210651
lastlogits_peager,lastlogits+peager,0.4,tpot_ms,p99,roseinfer+chunk1024+peager+batch16+pprio1+wupcg16+pmeta+fastplan,roseinfer+chunk1024+lastlogits+peager+batch16+pprio1+wupcg16+pmeta+fastplan,1.5756085286041588,1.5540843878645358,1.3660843000571539
lastlogits_peager,lastlogits+peager,0.4,e2e_ms,p50,roseinfer+chunk1024+peager+batch16+pprio1+wupcg16+pmeta+fastplan,roseinfer+chunk1024+lastlogits+peager+batch16+pprio1+wupcg16+pmeta+fastplan,172.16598900267854,172.40451098768972,-0.13854187252249012
lastlogits_peager,lastlogits+peager,0.4,e2e_ms,p90,roseinfer+chunk1024+peager+batch16+pprio1+wupcg16+pmeta+fastplan,roseinfer+chunk1024+lastlogits+peager+batch16+pprio1+wupcg16+pmeta+fastplan,186.18823157739826,185.7126415881794,0.25543504290772456
lastlogits_peager,lastlogits+peager,0.4,e2e_ms,p99,roseinfer+chunk1024+peager+batch16+pprio1+wupcg16+pmeta+fastplan,roseinfer+chunk1024+lastlogits+peager+batch16+pprio1+wupcg16+pmeta+fastplan,204.8703487619059,205.49553083546922,-0.30515986200126255
nopad,nopad,0.4,ttft_ms,p50,roseinfer+chunk1024+batch16+wupcg16+pmeta+fastplan,roseinfer+chunk1024+batch16+wupcg16+pmeta+fastplan+nopad,8.06313099747058,7.929443003376946,1.6580159014602687
nopad,nopad,0.4,ttft_ms,p90,roseinfer+chunk1024+batch16+wupcg16+pmeta+fastplan,roseinfer+chunk1024+batch16+wupcg16+pmeta+fastplan+nopad,11.507742403773591,11.720925907138735,-1.8525223791526435
nopad,nopad,0.4,ttft_ms,p99,roseinfer+chunk1024+batch16+wupcg16+pmeta+fastplan,roseinfer+chunk1024+batch16+wupcg16+pmeta+fastplan+nopad,14.800841882242814,16.4154530732776,-10.908914532570627
nopad,nopad,0.4,itl_ms,p50,roseinfer+chunk1024+batch16+wupcg16+pmeta+fastplan,roseinfer+chunk1024+batch16+wupcg16+pmeta+fastplan+nopad,1.2711859890259802,1.277642004424706,-0.5078733918136287
nopad,nopad,0.4,itl_ms,p90,roseinfer+chunk1024+batch16+wupcg16+pmeta+fastplan,roseinfer+chunk1024+batch16+wupcg16+pmeta+fastplan+nopad,1.5225702081806958,1.5141045092605054,0.5560136980682102
nopad,nopad,0.4,itl_ms,p99,roseinfer+chunk1024+batch16+wupcg16+pmeta+fastplan,roseinfer+chunk1024+batch16+wupcg16+pmeta+fastplan+nopad,2.553374816779981,2.608892090793224,-2.174270445858598
nopad,nopad,0.4,tpot_ms,p50,roseinfer+chunk1024+batch16+wupcg16+pmeta+fastplan,roseinfer+chunk1024+batch16+wupcg16+pmeta+fastplan+nopad,1.3324910677072181,1.334933303163651,-0.18328343923799356
nopad,nopad,0.4,tpot_ms,p90,roseinfer+chunk1024+batch16+wupcg16+pmeta+fastplan,roseinfer+chunk1024+batch16+wupcg16+pmeta+fastplan+nopad,1.43682103293065,1.4344898039680414,0.1622490838579792
nopad,nopad,0.4,tpot_ms,p99,roseinfer+chunk1024+batch16+wupcg16+pmeta+fastplan,roseinfer+chunk1024+batch16+wupcg16+pmeta+fastplan+nopad,1.5821802904407718,1.6046388016675794,-1.4194659965427225
nopad,nopad,0.4,e2e_ms,p50,roseinfer+chunk1024+batch16+wupcg16+pmeta+fastplan,roseinfer+chunk1024+batch16+wupcg16+pmeta+fastplan+nopad,172.4459940160159,172.57937700196635,-0.07734768598803153
nopad,nopad,0.4,e2e_ms,p90,roseinfer+chunk1024+batch16+wupcg16+pmeta+fastplan,roseinfer+chunk1024+batch16+wupcg16+pmeta+fastplan+nopad,186.8058191088494,186.3197580067208,0.2601959106238366
nopad,nopad,0.4,e2e_ms,p99,roseinfer+chunk1024+batch16+wupcg16+pmeta+fastplan,roseinfer+chunk1024+batch16+wupcg16+pmeta+fastplan+nopad,207.18130430526793,211.04701243515592,-1.8658576085572505
opool,opool,0.4,ttft_ms,p50,roseinfer+chunk1024+batch16+pprio1+wupcg16+pmeta+fastplan,roseinfer+chunk1024+batch16+pprio1+wupcg16+opool+pmeta+fastplan,8.001581489224918,7.982728508068249,0.23561568649969186
opool,opool,0.4,ttft_ms,p90,roseinfer+chunk1024+batch16+pprio1+wupcg16+pmeta+fastplan,roseinfer+chunk1024+batch16+pprio1+wupcg16+opool+pmeta+fastplan,10.72062729508616,10.492196906125173,2.1307558100232558
opool,opool,0.4,ttft_ms,p99,roseinfer+chunk1024+batch16+pprio1+wupcg16+pmeta+fastplan,roseinfer+chunk1024+batch16+pprio1+wupcg16+opool+pmeta+fastplan,13.403965632023743,14.00887439056532,-4.512908904334803
opool,opool,0.4,itl_ms,p50,roseinfer+chunk1024+batch16+pprio1+wupcg16+pmeta+fastplan,roseinfer+chunk1024+batch16+pprio1+wupcg16+opool+pmeta+fastplan,1.2767535081366077,1.2774144997820258,-0.0517712809250714
opool,opool,0.4,itl_ms,p90,roseinfer+chunk1024+batch16+pprio1+wupcg16+pmeta+fastplan,roseinfer+chunk1024+batch16+pprio1+wupcg16+opool+pmeta+fastplan,1.5208356111543253,1.5126901067560543,0.5355940075659131
opool,opool,0.4,itl_ms,p99,roseinfer+chunk1024+batch16+pprio1+wupcg16+pmeta+fastplan,roseinfer+chunk1024+batch16+pprio1+wupcg16+opool+pmeta+fastplan,2.5322177947964506,2.546398589911401,-0.5600148274801265
opool,opool,0.4,tpot_ms,p50,roseinfer+chunk1024+batch16+pprio1+wupcg16+pmeta+fastplan,roseinfer+chunk1024+batch16+pprio1+wupcg16+opool+pmeta+fastplan,1.3360305393424516,1.3358534920335505,0.013251741160666077
opool,opool,0.4,tpot_ms,p90,roseinfer+chunk1024+batch16+pprio1+wupcg16+pmeta+fastplan,roseinfer+chunk1024+batch16+pprio1+wupcg16+opool+pmeta+fastplan,1.4339606955872986,1.4396648057176464,-0.39778706263714475
opool,opool,0.4,tpot_ms,p99,roseinfer+chunk1024+batch16+pprio1+wupcg16+pmeta+fastplan,roseinfer+chunk1024+batch16+pprio1+wupcg16+opool+pmeta+fastplan,1.5736880561558704,1.5700047340071723,0.23405668831823542
opool,opool,0.4,e2e_ms,p50,roseinfer+chunk1024+batch16+pprio1+wupcg16+pmeta+fastplan,roseinfer+chunk1024+batch16+pprio1+wupcg16+opool+pmeta+fastplan,172.872560491669,173.04241452075075,-0.09825389789951504
opool,opool,0.4,e2e_ms,p90,roseinfer+chunk1024+batch16+pprio1+wupcg16+pmeta+fastplan,roseinfer+chunk1024+batch16+pprio1+wupcg16+opool+pmeta+fastplan,186.39619391178712,186.88875469670165,-0.26425474392875076
opool,opool,0.4,e2e_ms,p99,roseinfer+chunk1024+batch16+pprio1+wupcg16+pmeta+fastplan,roseinfer+chunk1024+batch16+pprio1+wupcg16+opool+pmeta+fastplan,206.47802787745604,205.518857735442,0.4645386009708061
pbuild,pbuild,0.4,ttft_ms,p50,roseinfer+chunk1024+batch16+wupcg16+pmeta+fastplan,roseinfer+chunk1024+pbuild+batch16+wupcg16+pmeta+fastplan,8.06313099747058,7.92335401638411,1.7335323105914875
pbuild,pbuild,0.4,ttft_ms,p90,roseinfer+chunk1024+batch16+wupcg16+pmeta+fastplan,roseinfer+chunk1024+pbuild+batch16+wupcg16+pmeta+fastplan,11.507742403773591,11.790021896013059,-2.4529528237172165
pbuild,pbuild,0.4,ttft_ms,p99,roseinfer+chunk1024+batch16+wupcg16+pmeta+fastplan,roseinfer+chunk1024+pbuild+batch16+wupcg16+pmeta+fastplan,14.800841882242814,14.530861606763196,1.8240872892745694
pbuild,pbuild,0.4,itl_ms,p50,roseinfer+chunk1024+batch16+wupcg16+pmeta+fastplan,roseinfer+chunk1024+pbuild+batch16+wupcg16+pmeta+fastplan,1.2711859890259802,1.2735789932776242,-0.18824973468104417
pbuild,pbuild,0.4,itl_ms,p90,roseinfer+chunk1024+batch16+wupcg16+pmeta+fastplan,roseinfer+chunk1024+pbuild+batch16+wupcg16+pmeta+fastplan,1.5225702081806958,1.4989755931310356,1.5496569499972799
pbuild,pbuild,0.4,itl_ms,p99,roseinfer+chunk1024+batch16+wupcg16+pmeta+fastplan,roseinfer+chunk1024+pbuild+batch16+wupcg16+pmeta+fastplan,2.553374816779981,2.4699919088743707,3.2655960792612078
pbuild,pbuild,0.4,tpot_ms,p50,roseinfer+chunk1024+batch16+wupcg16+pmeta+fastplan,roseinfer+chunk1024+pbuild+batch16+wupcg16+pmeta+fastplan,1.3324910677072181,1.332740621616463,-0.018728373892536503
pbuild,pbuild,0.4,tpot_ms,p90,roseinfer+chunk1024+batch16+wupcg16+pmeta+fastplan,roseinfer+chunk1024+pbuild+batch16+wupcg16+pmeta+fastplan,1.43682103293065,1.437905208110821,-0.07545652209444151
pbuild,pbuild,0.4,tpot_ms,p99,roseinfer+chunk1024+batch16+wupcg16+pmeta+fastplan,roseinfer+chunk1024+pbuild+batch16+wupcg16+pmeta+fastplan,1.5821802904407718,1.5804238277455371,0.11101533155525135
pbuild,pbuild,0.4,e2e_ms,p50,roseinfer+chunk1024+batch16+wupcg16+pmeta+fastplan,roseinfer+chunk1024+pbuild+batch16+wupcg16+pmeta+fastplan,172.4459940160159,172.35450299631339,0.05305488261676828
pbuild,pbuild,0.4,e2e_ms,p90,roseinfer+chunk1024+batch16+wupcg16+pmeta+fastplan,roseinfer+chunk1024+pbuild+batch16+wupcg16+pmeta+fastplan,186.8058191088494,186.59934579045512,0.11052831190122836
pbuild,pbuild,0.4,e2e_ms,p99,roseinfer+chunk1024+batch16+wupcg16+pmeta+fastplan,roseinfer+chunk1024+pbuild+batch16+wupcg16+pmeta+fastplan,207.18130430526793,208.26158145704537,-0.5214163292387235
pbuild2,pbuild,0.4,ttft_ms,p50,roseinfer+chunk1024+peager+batch16+pprio1+wupcg16+pmeta+fastplan+idleka,roseinfer+chunk1024+pbuild+peager+batch16+pprio1+wupcg16+pmeta+fastplan+idleka,7.899443007772788,8.12390900682658,-2.841542104081568
pbuild2,pbuild,0.4,ttft_ms,p90,roseinfer+chunk1024+peager+batch16+pprio1+wupcg16+pmeta+fastplan+idleka,roseinfer+chunk1024+pbuild+peager+batch16+pprio1+wupcg16+pmeta+fastplan+idleka,10.330550209619105,10.603461402934045,-2.641787589017509
pbuild2,pbuild,0.4,ttft_ms,p99,roseinfer+chunk1024+peager+batch16+pprio1+wupcg16+pmeta+fastplan+idleka,roseinfer+chunk1024+pbuild+peager+batch16+pprio1+wupcg16+pmeta+fastplan+idleka,11.531023351708416,13.760533052263781,-19.33488149796388
pbuild2,pbuild,0.4,itl_ms,p50,roseinfer+chunk1024+peager+batch16+pprio1+wupcg16+pmeta+fastplan+idleka,roseinfer+chunk1024+pbuild+peager+batch16+pprio1+wupcg16+pmeta+fastplan+idleka,1.2747920118272305,1.275093003641814,-0.023611052767118584
pbuild2,pbuild,0.4,itl_ms,p90,roseinfer+chunk1024+peager+batch16+pprio1+wupcg16+pmeta+fastplan+idleka,roseinfer+chunk1024+pbuild+peager+batch16+pprio1+wupcg16+pmeta+fastplan+idleka,1.5231439843773842,1.5159518807195127,0.47218803551335975
pbuild2,pbuild,0.4,itl_ms,p99,roseinfer+chunk1024+peager+batch16+pprio1+wupcg16+pmeta+fastplan+idleka,roseinfer+chunk1024+pbuild+peager+batch16+pprio1+wupcg16+pmeta+fastplan+idleka,2.3789898119867017,2.3792702675564175,-0.011788851230160503
pbuild2,pbuild,0.4,tpot_ms,p50,roseinfer+chunk1024+peager+batch16+pprio1+wupcg16+pmeta+fastplan+idleka,roseinfer+chunk1024+pbuild+peager+batch16+pprio1+wupcg16+pmeta+fastplan+idleka,1.3314974312256724,1.330769724417918,0.0546532641136678
pbuild2,pbuild,0.4,tpot_ms,p90,roseinfer+chunk1024+peager+batch16+pprio1+wupcg16+pmeta+fastplan+idleka,roseinfer+chunk1024+pbuild+peager+batch16+pprio1+wupcg16+pmeta+fastplan+idleka,1.4379857958061308,1.437802872810207,0.012720779054793898
pbuild2,pbuild,0.4,tpot_ms,p99,roseinfer+chunk1024+peager+batch16+pprio1+wupcg16+pmeta+fastplan+idleka,roseinfer+chunk1024+pbuild+peager+batch16+pprio1+wupcg16+pmeta+fastplan+idleka,1.5552822079217998,1.535522647620926,1.2704807012019326
pbuild2,pbuild,0.4,e2e_ms,p50,roseinfer+chunk1024+peager+batch16+pprio1+wupcg16+pmeta+fastplan+idleka,roseinfer+chunk1024+pbuild+peager+batch16+pprio1+wupcg16+pmeta+fastplan+idleka,172.4531474756077,172.59730101795867,-0.08358997470392193
pbuild2,pbuild,0.4,e2e_ms,p90,roseinfer+chunk1024+peager+batch16+pprio1+wupcg16+pmeta+fastplan+idleka,roseinfer+chunk1024+pbuild+peager+batch16+pprio1+wupcg16+pmeta+fastplan+idleka,186.90772137488239,186.5963480900973,0.1665919858712273
pbuild2,pbuild,0.4,e2e_ms,p99,roseinfer+chunk1024+peager+batch16+pprio1+wupcg16+pmeta+fastplan+idleka,roseinfer+chunk1024+pbuild+peager+batch16+pprio1+wupcg16+pmeta+fastplan+idleka,205.66953392291904,204.23795616778074,0.6960572758796808
pcap8,pcap8,0.4,ttft_ms,p50,roseinfer+chunk1024+peager+batch16+pprio1+wupcg16+pmeta+fastplan,roseinfer+chunk1024+peager+batch16+pcap8+pprio1+wupcg16+pmeta+fastplan,7.949915976496413,8.282092050649226,-4.1783595592063705
pcap8,pcap8,0.4,ttft_ms,p90,roseinfer+chunk1024+peager+batch16+pprio1+wupcg16+pmeta+fastplan,roseinfer+chunk1024+peager+batch16+pcap8+pprio1+wupcg16+pmeta+fastplan,9.83629620168358,10.073231917340308,-2.408789963199498
pcap8,pcap8,0.4,ttft_ms,p99,roseinfer+chunk1024+peager+batch16+pprio1+wupcg16+pmeta+fastplan,roseinfer+chunk1024+peager+batch16+pcap8+pprio1+wupcg16+pmeta+fastplan,11.635485169827003,13.055477441521358,-12.203979902588516
pcap8,pcap8,0.4,itl_ms,p50,roseinfer+chunk1024+peager+batch16+pprio1+wupcg16+pmeta+fastplan,roseinfer+chunk1024+peager+batch16+pcap8+pprio1+wupcg16+pmeta+fastplan,1.274758018553257,1.2761959806084633,-0.11280274642541685
pcap8,pcap8,0.4,itl_ms,p90,roseinfer+chunk1024+peager+batch16+pprio1+wupcg16+pmeta+fastplan,roseinfer+chunk1024+peager+batch16+pcap8+pprio1+wupcg16+pmeta+fastplan,1.5174136264249682,1.5188746503554291,-0.09628382828636238
pcap8,pcap8,0.4,itl_ms,p99,roseinfer+chunk1024+peager+batch16+pprio1+wupcg16+pmeta+fastplan,roseinfer+chunk1024+peager+batch16+pcap8+pprio1+wupcg16+pmeta+fastplan,2.4203383596614008,2.3888986307429128,1.2989807310613524
pcap8,pcap8,0.4,tpot_ms,p50,roseinfer+chunk1024+peager+batch16+pprio1+wupcg16+pmeta+fastplan,roseinfer+chunk1024+peager+batch16+pcap8+pprio1+wupcg16+pmeta+fastplan,1.330447748054083,1.3353924840362377,-0.3716595401350259
pcap8,pcap8,0.4,tpot_ms,p90,roseinfer+chunk1024+peager+batch16+pprio1+wupcg16+pmeta+fastplan,roseinfer+chunk1024+peager+batch16+pcap8+pprio1+wupcg16+pmeta+fastplan,1.442046002232458,1.4419281046186903,0.008175717944168341
pcap8,pcap8,0.4,tpot_ms,p99,roseinfer+chunk1024+peager+batch16+pprio1+wupcg16+pmeta+fastplan,roseinfer+chunk1024+peager+batch16+pcap8+pprio1+wupcg16+pmeta+fastplan,1.5756085286041588,1.5984908220730352,-1.4522829150428593
pcap8,pcap8,0.4,e2e_ms,p50,roseinfer+chunk1024+peager+batch16+pprio1+wupcg16+pmeta+fastplan,roseinfer+chunk1024+peager+batch16+pcap8+pprio1+wupcg16+pmeta+fastplan,172.16598900267854,172.42592948605306,-0.1509824820107048
pcap8,pcap8,0.4,e2e_ms,p90,roseinfer+chunk1024+peager+batch16+pprio1+wupcg16+pmeta+fastplan,roseinfer+chunk1024+peager+batch16+pcap8+pprio1+wupcg16+pmeta+fastplan,186.18823157739826,187.14557110215537,-0.5141783219307027
pcap8,pcap8,0.4,e2e_ms,p99,roseinfer+chunk1024+peager+batch16+pprio1+wupcg16+pmeta+fastplan,roseinfer+chunk1024+peager+batch16+pcap8+pprio1+wupcg16+pmeta+fastplan,204.8703487619059,212.46031515824143,-3.704765693134232
peager,peager,0.4,ttft_ms,p50,roseinfer+chunk1024+batch16+pprio1+wupcg16+pmeta+fastplan,roseinfer+chunk1024+peager+batch16+pprio1+wupcg16+pmeta+fastplan,8.001581489224918,7.949915976496413,0.6456912648840557
peager,peager,0.4,ttft_ms,p90,roseinfer+chunk1024+batch16+pprio1+wupcg16+pmeta+fastplan,roseinfer+chunk1024+peager+batch16+pprio1+wupcg16+pmeta+fastplan,10.72062729508616,9.83629620168358,8.248874520690743
peager,peager,0.4,ttft_ms,p99,roseinfer+chunk1024+batch16+pprio1+wupcg16+pmeta+fastplan,roseinfer+chunk1024+peager+batch16+pprio1+wupcg16+pmeta+fastplan,13.403965632023743,11.635485169827003,13.193710807282436
peager,peager,0.4,itl_ms,p50,roseinfer+chunk1024+batch16+pprio1+wupcg16+pmeta+fastplan,roseinfer+chunk1024+peager+batch16+pprio1+wupcg16+pmeta+fastplan,1.2767535081366077,1.274758018553257,0.15629403566418149
peager,peager,0.4,itl_ms,p90,roseinfer+chunk1024+batch16+pprio1+wupcg16+pmeta+fastplan,roseinfer+chunk1024+peager+batch16+pprio1+wupcg16+pmeta+fastplan,1.5208356111543253,1.5174136264249682,0.22500687807801611
peager,peager,0.4,itl_ms,p99,roseinfer+chunk1024+batch16+pprio1+wupcg16+pmeta+fastplan,roseinfer+chunk1024+peager+batch16+pprio1+wupcg16+pmeta+fastplan,2.5322177947964506,2.4203383596614008,4.418239037927743
peager,peager,0.4,tpot_ms,p50,roseinfer+chunk1024+batch16+pprio1+wupcg16+pmeta+fastplan,roseinfer+chunk1024+peager+batch16+pprio1+wupcg16+pmeta+fastplan,1.3360305393424516,1.330447748054083,0.41786404756258344
peager,peager,0.4,tpot_ms,p90,roseinfer+chunk1024+batch16+pprio1+wupcg16+pmeta+fastplan,roseinfer+chunk1024+peager+batch16+pprio1+wupcg16+pmeta+fastplan,1.4339606955872986,1.442046002232458,-0.5638443696567245
peager,peager,0.4,tpot_ms,p99,roseinfer+chunk1024+batch16+pprio1+wupcg16+pmeta+fastplan,roseinfer+chunk1024+peager+batch16+pprio1+wupcg16+pmeta+fastplan,1.5736880561558704,1.5756085286041588,-0.12203641253906766
peager,peager,0.4,e2e_ms,p50,roseinfer+chunk1024+batch16+pprio1+wupcg16+pmeta+fastplan,roseinfer+chunk1024+peager+batch16+pprio1+wupcg16+pmeta+fastplan,172.872560491669,172.16598900267854,0.4087239102497699
peager,peager,0.4,e2e_ms,p90,roseinfer+chunk1024+batch16+pprio1+wupcg16+pmeta+fastplan,roseinfer+chunk1024+peager+batch16+pprio1+wupcg16+pmeta+fastplan,186.39619391178712,186.18823157739826,0.11157005410061441
peager,peager,0.4,e2e_ms,p99,roseinfer+chunk1024+batch16+pprio1+wupcg16+pmeta+fastplan,roseinfer+chunk1024+peager+batch16+pprio1+wupcg16+pmeta+fastplan,206.47802787745604,204.8703487619059,0.7786199490941995
pfront,pfront,0.4,ttft_ms,p50,roseinfer+chunk1024+peager+batch16+pprio1+wupcg16+pmeta+fastplan,roseinfer+chunk1024+peager+pfront+batch16+pprio1+wupcg16+pmeta+fastplan,7.949915976496413,7.7038820018060505,3.0947996861570832
pfront,pfront,0.4,ttft_ms,p90,roseinfer+chunk1024+peager+batch16+pprio1+wupcg16+pmeta+fastplan,roseinfer+chunk1024+peager+pfront+batch16+pprio1+wupcg16+pmeta+fastplan,9.83629620168358,9.955606609582901,-1.212960706479121
pfront,pfront,0.4,ttft_ms,p99,roseinfer+chunk1024+peager+batch16+pprio1+wupcg16+pmeta+fastplan,roseinfer+chunk1024+peager+pfront+batch16+pprio1+wupcg16+pmeta+fastplan,11.635485169827003,11.988608072861085,-3.0348790607356544
pfront,pfront,0.4,itl_ms,p50,roseinfer+chunk1024+peager+batch16+pprio1+wupcg16+pmeta+fastplan,roseinfer+chunk1024+peager+pfront+batch16+pprio1+wupcg16+pmeta+fastplan,1.274758018553257,1.276997965760529,-0.17571548283447586
pfront,pfront,0.4,itl_ms,p90,roseinfer+chunk1024+peager+batch16+pprio1+wupcg16+pmeta+fastplan,roseinfer+chunk1024+peager+pfront+batch16+pprio1+wupcg16+pmeta+fastplan,1.5174136264249682,1.513409602921456,0.26387159267480925
pfront,pfront,0.4,itl_ms,p99,roseinfer+chunk1024+peager+batch16+pprio1+wupcg16+pmeta+fastplan,roseinfer+chunk1024+peager+pfront+batch16+pprio1+wupcg16+pmeta+fastplan,2.4203383596614008,2.407828697469089,0.5168559239817124
pfront,pfront,0.4,tpot_ms,p50,roseinfer+chunk1024+peager+batch16+pprio1+wupcg16+pmeta+fastplan,roseinfer+chunk1024+peager+pfront+batch16+pprio1+wupcg16+pmeta+fastplan,1.330447748054083,1.3300228465667479,0.031936728665719304
pfront,pfront,0.4,tpot_ms,p90,roseinfer+chunk1024+peager+batch16+pprio1+wupcg16+pmeta+fastplan,roseinfer+chunk1024+peager+pfront+batch16+pprio1+wupcg16+pmeta+fastplan,1.442046002232458,1.434434351524954,0.527836885627794
pfront,pfront,0.4,tpot_ms,p99,roseinfer+chunk1024+peager+batch16+pprio1+wupcg16+pmeta+fastplan,roseinfer+chunk1024+peager+pfront+batch16+pprio1+wupcg16+pmeta+fastplan,1.5756085286041588,1.5704311900882153,0.3285929481817493
pfront,pfront,0.4,e2e_ms,p50,roseinfer+chunk1024+peager+batch16+pprio1+wupcg16+pmeta+fastplan,roseinfer+chunk1024+peager+pfront+batch16+pprio1+wupcg16+pmeta+fastplan,172.16598900267854,172.36451100325212,-0.11530848904802384
pfront,pfront,0.4,e2e_ms,p90,roseinfer+chunk1024+peager+batch16+pprio1+wupcg16+pmeta+fastplan,roseinfer+chunk1024+peager+pfront+batch16+pprio1+wupcg16+pmeta+fastplan,186.18823157739826,186.23956071096472,-0.027568409201594184
pfront,pfront,0.4,e2e_ms,p99,roseinfer+chunk1024+peager+batch16+pprio1+wupcg16+pmeta+fastplan,roseinfer+chunk1024+peager+pfront+batch16+pprio1+wupcg16+pmeta+fastplan,204.8703487619059,205.17539502936413,-0.14889722661269703
pmb8,pmb8,0.4,ttft_ms,p50,roseinfer+chunk1024+peager+batch16+pprio1+wupcg16+pmeta+fastplan+idleka,roseinfer+chunk1024+peager+batch16+pmb8+pprio1+wupcg16+pmeta+fastplan+idleka,7.899443007772788,7.9273580049630255,-0.35337930994336714
pmb8,pmb8,0.4,ttft_ms,p90,roseinfer+chunk1024+peager+batch16+pprio1+wupcg16+pmeta+fastplan+idleka,roseinfer+chunk1024+peager+batch16+pmb8+pprio1+wupcg16+pmeta+fastplan+idleka,10.330550209619105,10.1102797081694,2.1322242957069535
pmb8,pmb8,0.4,ttft_ms,p99,roseinfer+chunk1024+peager+batch16+pprio1+wupcg16+pmeta+fastplan+idleka,roseinfer+chunk1024+peager+batch16+pmb8+pprio1+wupcg16+pmeta+fastplan+idleka,11.531023351708416,13.368461287464013,-15.934734322460335
pmb8,pmb8,0.4,itl_ms,p50,roseinfer+chunk1024+peager+batch16+pprio1+wupcg16+pmeta+fastplan+idleka,roseinfer+chunk1024+peager+batch16+pmb8+pprio1+wupcg16+pmeta+fastplan+idleka,1.2747920118272305,1.2769799795933068,-0.17163331318182568
pmb8,pmb8,0.4,itl_ms,p90,roseinfer+chunk1024+peager+batch16+pprio1+wupcg16+pmeta+fastplan+idleka,roseinfer+chunk1024+peager+batch16+pmb8+pprio1+wupcg16+pmeta+fastplan+idleka,1.5231439843773842,1.5221312176436188,0.06649185790398987
pmb8,pmb8,0.4,itl_ms,p99,roseinfer+chunk1024+peager+batch16+pprio1+wupcg16+pmeta+fastplan+idleka,roseinfer+chunk1024+peager+batch16+pmb8+pprio1+wupcg16+pmeta+fastplan+idleka,2.3789898119867017,2.3668519943021264,0.5102088972141876
pmb8,pmb8,0.4,tpot_ms,p50,roseinfer+chunk1024+peager+batch16+pprio1+wupcg16+pmeta+fastplan+idleka,roseinfer+chunk1024+peager+batch16+pmb8+pprio1+wupcg16+pmeta+fastplan+idleka,1.3314974312256724,1.3320124433246545,-0.03867916579516055
pmb8,pmb8,0.4,tpot_ms,p90,roseinfer+chunk1024+peager+batch16+pprio1+wupcg16+pmeta+fastplan+idleka,roseinfer+chunk1024+peager+batch16+pmb8+pprio1+wupcg16+pmeta+fastplan+idleka,1.4379857958061308,1.4382101065450006,-0.015598953725686876
pmb8,pmb8,0.4,tpot_ms,p99,roseinfer+chunk1024+peager+batch16+pprio1+wupcg16+pmeta+fastplan+idleka,roseinfer+chunk1024+peager+batch16+pmb8+pprio1+wupcg16+pmeta+fastplan+idleka,1.5552822079217998,1.5431226801363687,0.7818213134244608
pmb8,pmb8,0.4,e2e_ms,p50,roseinfer+chunk1024+peager+batch16+pprio1+wupcg16+pmeta+fastplan+idleka,roseinfer+chunk1024+peager+batch16+pmb8+pprio1+wupcg16+pmeta+fastplan+idleka,172.4531474756077,172.63120398274623,-0.1032492069555995
pmb8,pmb8,0.4,e2e_ms,p90,roseinfer+chunk1024+peager+batch16+pprio1+wupcg16+pmeta+fastplan+idleka,roseinfer+chunk1024+peager+batch16+pmb8+pprio1+wupcg16+pmeta+fastplan+idleka,186.90772137488239,187.15387552510947,-0.13169822435177586
pmb8,pmb8,0.4,e2e_ms,p99,roseinfer+chunk1024+peager+batch16+pprio1+wupcg16+pmeta+fastplan+idleka,roseinfer+chunk1024+peager+batch16+pmb8+pprio1+wupcg16+pmeta+fastplan+idleka,205.66953392291904,204.97992650081864,0.3352987722327702
pprio1,pprio1,0.4,ttft_ms,p50,roseinfer+chunk1024+batch16+wupcg16+pmeta+fastplan,roseinfer+chunk1024+batch16+pprio1+wupcg16+pmeta+fastplan,8.06313099747058,8.001581489224918,0.7633450115714362
pprio1,pprio1,0.4,ttft_ms,p90,roseinfer+chunk1024+batch16+wupcg16+pmeta+fastplan,roseinfer+chunk1024+batch16+pprio1+wupcg16+pmeta+fastplan,11.507742403773591,10.72062729508616,6.839874243529484
pprio1,pprio1,0.4,ttft_ms,p99,roseinfer+chunk1024+batch16+wupcg16+pmeta+fastplan,roseinfer+chunk1024+batch16+pprio1+wupcg16+pmeta+fastplan,14.800841882242814,13.403965632023743,9.437816181895448
pprio1,pprio1,0.4,itl_ms,p50,roseinfer+chunk1024+batch16+wupcg16+pmeta+fastplan,roseinfer+chunk1024+batch16+pprio1+wupcg16+pmeta+fastplan,1.2711859890259802,1.2767535081366077,-0.4379783256495352
pprio1,pprio1,0.4,itl_ms,p90,roseinfer+chunk1024+batch16+wupcg16+pmeta+fastplan,roseinfer+chunk1024+batch16+pprio1+wupcg16+pmeta+fastplan,1.5225702081806958,1.5208356111543253,0.11392558563477469
pprio1,pprio1,0.4,itl_ms,p99,roseinfer+chunk1024+batch16+wupcg16+pmeta+fastplan,roseinfer+chunk1024+batch16+pprio1+wupcg16+pmeta+fastplan,2.553374816779981,2.5322177947964506,0.8285905322043935
pprio1,pprio1,0.4,tpot_ms,p50,roseinfer+chunk1024+batch16+wupcg16+pmeta+fastplan,roseinfer+chunk1024+batch16+pprio1+wupcg16+pmeta+fastplan,1.3324910677072181,1.3360305393424516,-0.2656281697500432
pprio1,pprio1,0.4,tpot_ms,p90,roseinfer+chunk1024+batch16+wupcg16+pmeta+fastplan,roseinfer+chunk1024+batch16+pprio1+wupcg16+pmeta+fastplan,1.43682103293065,1.4339606955872986,0.19907401672130293
pprio1,pprio1,0.4,tpot_ms,p99,roseinfer+chunk1024+batch16+wupcg16+pmeta+fastplan,roseinfer+chunk1024+batch16+pprio1+wupcg16+pmeta+fastplan,1.5821802904407718,1.5736880561558704,0.5367425151362247
pprio1,pprio1,0.4,e2e_ms,p50,roseinfer+chunk1024+batch16+wupcg16+pmeta+fastplan,roseinfer+chunk1024+batch16+pprio1+wupcg16+pmeta+fastplan,172.4459940160159,172.872560491669,-0.24736235717570354
pprio1,pprio1,0.4,e2e_ms,p90,roseinfer+chunk1024+batch16+wupcg16+pmeta+fastplan,roseinfer+chunk1024+batch16+pprio1+wupcg16+pmeta+fastplan,186.8058191088494,186.39619391178712,0.21927860653183692
pprio1,pprio1,0.4,e2e_ms,p99,roseinfer+chunk1024+batch16+wupcg16+pmeta+fastplan,roseinfer+chunk1024+batch16+pprio1+wupcg16+pmeta+fastplan,207.18130430526793,206.47802787745604,0.33944975400659455
pscan4,pscan4,0.4,ttft_ms,p50,roseinfer+chunk1024+peager+batch16+pprio1+wupcg16+pmeta+fastplan,roseinfer+chunk1024+peager+pscan4+batch16+pprio1+wupcg16+pmeta+fastplan,7.949915976496413,7.76871046400629,2.279338712834826
pscan4,pscan4,0.4,ttft_ms,p90,roseinfer+chunk1024+peager+batch16+pprio1+wupcg16+pmeta+fastplan,roseinfer+chunk1024+peager+pscan4+batch16+pprio1+wupcg16+pmeta+fastplan,9.83629620168358,10.148609563475475,-3.175111397503852
pscan4,pscan4,0.4,ttft_ms,p99,roseinfer+chunk1024+peager+batch16+pprio1+wupcg16+pmeta+fastplan,roseinfer+chunk1024+peager+pscan4+batch16+pprio1+wupcg16+pmeta+fastplan,11.635485169827003,12.360950337606475,-6.234936981061514
pscan4,pscan4,0.4,itl_ms,p50,roseinfer+chunk1024+peager+batch16+pprio1+wupcg16+pmeta+fastplan,roseinfer+chunk1024+peager+pscan4+batch16+pprio1+wupcg16+pmeta+fastplan,1.274758018553257,1.2752540060319006,-0.038908363110871806
pscan4,pscan4,0.4,itl_ms,p90,roseinfer+chunk1024+peager+batch16+pprio1+wupcg16+pmeta+fastplan,roseinfer+chunk1024+peager+pscan4+batch16+pprio1+wupcg16+pmeta+fastplan,1.5174136264249682,1.5231652068905532,-0.3790384088704763
pscan4,pscan4,0.4,itl_ms,p99,roseinfer+chunk1024+peager+batch16+pprio1+wupcg16+pmeta+fastplan,roseinfer+chunk1024+peager+pscan4+batch16+pprio1+wupcg16+pmeta+fastplan,2.4203383596614008,2.387010080274198,1.3770090968547584
pscan4,pscan4,0.4,tpot_ms,p50,roseinfer+chunk1024+peager+batch16+pprio1+wupcg16+pmeta+fastplan,roseinfer+chunk1024+peager+pscan4+batch16+pprio1+wupcg16+pmeta+fastplan,1.330447748054083,1.3305942950069933,-0.011014859706036249
pscan4,pscan4,0.4,tpot_ms,p90,roseinfer+chunk1024+peager+batch16+pprio1+wupcg16+pmeta+fastplan,roseinfer+chunk1024+peager+pscan4+batch16+pprio1+wupcg16+pmeta+fastplan,1.442046002232458,1.4413306509092259,0.049606692305559905
pscan4,pscan4,0.4,tpot_ms,p99,roseinfer+chunk1024+peager+batch16+pprio1+wupcg16+pmeta+fastplan,roseinfer+chunk1024+peager+pscan4+batch16+pprio1+wupcg16+pmeta+fastplan,1.5756085286041588,1.5669735035608865,0.5480438120579427
pscan4,pscan4,0.4,e2e_ms,p50,roseinfer+chunk1024+peager+batch16+pprio1+wupcg16+pmeta+fastplan,roseinfer+chunk1024+peager+pscan4+batch16+pprio1+wupcg16+pmeta+fastplan,172.16598900267854,172.35600200365297,-0.1103661658583888
pscan4,pscan4,0.4,e2e_ms,p90,roseinfer+chunk1024+peager+batch16+pprio1+wupcg16+pmeta+fastplan,roseinfer+chunk1024+peager+pscan4+batch16+pprio1+wupcg16+pmeta+fastplan,186.18823157739826,187.13310660677962,-0.5074837552171395
pscan4,pscan4,0.4,e2e_ms,p99,roseinfer+chunk1024+peager+batch16+pprio1+wupcg16+pmeta+fastplan,roseinfer+chunk1024+peager+pscan4+batch16+pprio1+wupcg16+pmeta+fastplan,204.8703487619059,204.88386529323176,-0.0065976025362192445
pslots,pslots,0.4,ttft_ms,p50,roseinfer+chunk1024+batch16+wupcg16+pmeta+fastplan,roseinfer+chunk1024+batch16+wupcg16+pslots+pmeta+fastplan,8.06313099747058,8.21146450471133,-1.8396514615387298
pslots,pslots,0.4,ttft_ms,p90,roseinfer+chunk1024+batch16+wupcg16+pmeta+fastplan,roseinfer+chunk1024+batch16+wupcg16+pslots+pmeta+fastplan,11.507742403773591,11.929205997148529,-3.6624350683825915
pslots,pslots,0.4,ttft_ms,p99,roseinfer+chunk1024+batch16+wupcg16+pmeta+fastplan,roseinfer+chunk1024+batch16+wupcg16+pslots+pmeta+fastplan,14.800841882242814,17.49249528365907,-18.185812826265956
pslots,pslots,0.4,itl_ms,p50,roseinfer+chunk1024+batch16+wupcg16+pmeta+fastplan,roseinfer+chunk1024+batch16+wupcg16+pslots+pmeta+fastplan,1.2711859890259802,1.2758079974446446,-0.36359812478784903
pslots,pslots,0.4,itl_ms,p90,roseinfer+chunk1024+batch16+wupcg16+pmeta+fastplan,roseinfer+chunk1024+batch16+wupcg16+pslots+pmeta+fastplan,1.5225702081806958,1.5088500018464401,0.901121423533551
pslots,pslots,0.4,itl_ms,p99,roseinfer+chunk1024+batch16+wupcg16+pmeta+fastplan,roseinfer+chunk1024+batch16+wupcg16+pslots+pmeta+fastplan,2.553374816779981,2.4895826459396577,2.4983473018180047
pslots,pslots,0.4,tpot_ms,p50,roseinfer+chunk1024+batch16+wupcg16+pmeta+fastplan,roseinfer+chunk1024+batch16+wupcg16+pslots+pmeta+fastplan,1.3324910677072181,1.3340350589829526,-0.11587254227461068
pslots,pslots,0.4,tpot_ms,p90,roseinfer+chunk1024+batch16+wupcg16+pmeta+fastplan,roseinfer+chunk1024+batch16+wupcg16+pslots+pmeta+fastplan,1.43682103293065,1.4453316642592422,-0.5923236877478856
pslots,pslots,0.4,tpot_ms,p99,roseinfer+chunk1024+batch16+wupcg16+pmeta+fastplan,roseinfer+chunk1024+batch16+wupcg16+pslots+pmeta+fastplan,1.5821802904407718,1.6087656448628225,-1.680298672829782
pslots,pslots,0.4,e2e_ms,p50,roseinfer+chunk1024+batch16+wupcg16+pmeta+fastplan,roseinfer+chunk1024+batch16+wupcg16+pslots+pmeta+fastplan,172.4459940160159,172.60714100848418,-0.09344780282533477
pslots,pslots,0.4,e2e_ms,p90,roseinfer+chunk1024+batch16+wupcg16+pmeta+fastplan,roseinfer+chunk1024+batch16+wupcg16+pslots+pmeta+fastplan,186.8058191088494,186.80699660035316,-0.0006303291350263344
pslots,pslots,0.4,e2e_ms,p99,roseinfer+chunk1024+batch16+wupcg16+pmeta+fastplan,roseinfer+chunk1024+batch16+wupcg16+pslots+pmeta+fastplan,207.18130430526793,212.94694404059555,-2.782895761111889
pstream,pstream,0.4,ttft_ms,p50,roseinfer+chunk1024+batch16+pprio1+wupcg16+pmeta+fastplan,roseinfer+chunk1024+pstream+batch16+pprio1+wupcg16+pmeta+fastplan,8.001581489224918,7.750113494694233,3.1427286576949425
pstream,pstream,0.4,ttft_ms,p90,roseinfer+chunk1024+batch16+pprio1+wupcg16+pmeta+fastplan,roseinfer+chunk1024+pstream+batch16+pprio1+wupcg16+pmeta+fastplan,10.72062729508616,10.11420733993873,5.6565715648503625
pstream,pstream,0.4,ttft_ms,p99,roseinfer+chunk1024+batch16+pprio1+wupcg16+pmeta+fastplan,roseinfer+chunk1024+pstream+batch16+pprio1+wupcg16+pmeta+fastplan,13.403965632023743,13.612491261446847,-1.5557010152645423
pstream,pstream,0.4,itl_ms,p50,roseinfer+chunk1024+batch16+pprio1+wupcg16+pmeta+fastplan,roseinfer+chunk1024+pstream+batch16+pprio1+wupcg16+pmeta+fastplan,1.2767535081366077,1.2744604900944978,0.1795975517197923
pstream,pstream,0.4,itl_ms,p90,roseinfer+chunk1024+batch16+pprio1+wupcg16+pmeta+fastplan,roseinfer+chunk1024+pstream+batch16+pprio1+wupcg16+pmeta+fastplan,1.5208356111543253,1.5044797037262472,1.0754553160195846
pstream,pstream,0.4,itl_ms,p99,roseinfer+chunk1024+batch16+pprio1+wupcg16+pmeta+fastplan,roseinfer+chunk1024+pstream+batch16+pprio1+wupcg16+pmeta+fastplan,2.5322177947964506,2.871638613869428,-13.404092640469791
pstream,pstream,0.4,tpot_ms,p50,roseinfer+chunk1024+batch16+pprio1+wupcg16+pmeta+fastplan,roseinfer+chunk1024+pstream+batch16+pprio1+wupcg16+pmeta+fastplan,1.3360305393424516,1.3306864009615786,0.4000012143063137
pstream,pstream,0.4,tpot_ms,p90,roseinfer+chunk1024+batch16+pprio1+wupcg16+pmeta+fastplan,roseinfer+chunk1024+pstream+batch16+pprio1+wupcg16+pmeta+fastplan,1.4339606955872986,1.4394641832990125,-0.3837962734020342
pstream,pstream,0.4,tpot_ms,p99,roseinfer+chunk1024+batch16+pprio1+wupcg16+pmeta+fastplan,roseinfer+chunk1024+pstream+batch16+pprio1+wupcg16+pmeta+fastplan,1.5736880561558704,1.5801712733863298,-0.4119760078942396
pstream,pstream,0.4,e2e_ms,p50,roseinfer+chunk1024+batch16+pprio1+wupcg16+pmeta+fastplan,roseinfer+chunk1024+pstream+batch16+pprio1+wupcg16+pmeta+fastplan,172.872560491669,171.84606796945445,0.593785687731517
pstream,pstream,0.4,e2e_ms,p90,roseinfer+chunk1024+batch16+pprio1+wupcg16+pmeta+fastplan,roseinfer+chunk1024+pstream+batch16+pprio1+wupcg16+pmeta+fastplan,186.39619391178712,186.16225016885437,0.12550886261307823
pstream,pstream,0.4,e2e_ms,p99,roseinfer+chunk1024+batch16+pprio1+wupcg16+pmeta+fastplan,roseinfer+chunk1024+pstream+batch16+pprio1+wupcg16+pmeta+fastplan,206.47802787745604,205.94758255698252,0.25690158218110043
qdec,qdec,0.4,ttft_ms,p50,roseinfer+chunk1024+peager+batch16+pprio1+wupcg16+pmeta+fastplan+idleka,roseinfer+chunk1024+peager+qdec+batch16+pprio1+wupcg16+pmeta+fastplan+idleka,7.899443007772788,13.972451037261635,-76.87893973680434
qdec,qdec,0.4,ttft_ms,p90,roseinfer+chunk1024+peager+batch16+pprio1+wupcg16+pmeta+fastplan+idleka,roseinfer+chunk1024+peager+qdec+batch16+pprio1+wupcg16+pmeta+fastplan+idleka,10.330550209619105,52.022927720099666,-403.58332000225363
qdec,qdec,0.4,ttft_ms,p99,roseinfer+chunk1024+peager+batch16+pprio1+wupcg16+pmeta+fastplan+idleka,roseinfer+chunk1024+peager+qdec+batch16+pprio1+wupcg16+pmeta+fastplan+idleka,11.531023351708416,74.16729584801939,-543.1978635879781
qdec,qdec,0.4,itl_ms,p50,roseinfer+chunk1024+peager+batch16+pprio1+wupcg16+pmeta+fastplan+idleka,roseinfer+chunk1024+peager+qdec+batch16+pprio1+wupcg16+pmeta+fastplan+idleka,1.2747920118272305,0.23777398746460676,81.34801714643693
qdec,qdec,0.4,itl_ms,p90,roseinfer+chunk1024+peager+batch16+pprio1+wupcg16+pmeta+fastplan+idleka,roseinfer+chunk1024+peager+qdec+batch16+pprio1+wupcg16+pmeta+fastplan+idleka,1.5231439843773842,1.3113966211676606,13.901992548411604
qdec,qdec,0.4,itl_ms,p99,roseinfer+chunk1024+peager+batch16+pprio1+wupcg16+pmeta+fastplan+idleka,roseinfer+chunk1024+peager+qdec+batch16+pprio1+wupcg16+pmeta+fastplan+idleka,2.3789898119867017,44.91949392715468,-1788.1751279818336
qdec,qdec,0.4,tpot_ms,p50,roseinfer+chunk1024+peager+batch16+pprio1+wupcg16+pmeta+fastplan+idleka,roseinfer+chunk1024+peager+qdec+batch16+pprio1+wupcg16+pmeta+fastplan+idleka,1.3314974312256724,1.411976628048774,-6.044262267109199
qdec,qdec,0.4,tpot_ms,p90,roseinfer+chunk1024+peager+batch16+pprio1+wupcg16+pmeta+fastplan+idleka,roseinfer+chunk1024+peager+qdec+batch16+pprio1+wupcg16+pmeta+fastplan+idleka,1.4379857958061308,1.8382730851845375,-27.83666504535997
qdec,qdec,0.4,tpot_ms,p99,roseinfer+chunk1024+peager+batch16+pprio1+wupcg16+pmeta+fastplan+idleka,roseinfer+chunk1024+peager+qdec+batch16+pprio1+wupcg16+pmeta+fastplan+idleka,1.5552822079217998,2.0654000991793726,-32.7990565737393
qdec,qdec,0.4,e2e_ms,p50,roseinfer+chunk1024+peager+batch16+pprio1+wupcg16+pmeta+fastplan+idleka,roseinfer+chunk1024+peager+qdec+batch16+pprio1+wupcg16+pmeta+fastplan+idleka,172.4531474756077,195.95144799677655,-13.625904116648572
qdec,qdec,0.4,e2e_ms,p90,roseinfer+chunk1024+peager+batch16+pprio1+wupcg16+pmeta+fastplan+idleka,roseinfer+chunk1024+peager+qdec+batch16+pprio1+wupcg16+pmeta+fastplan+idleka,186.90772137488239,247.66846341080964,-32.5084173029208
qdec,qdec,0.4,e2e_ms,p99,roseinfer+chunk1024+peager+batch16+pprio1+wupcg16+pmeta+fastplan+idleka,roseinfer+chunk1024+peager+qdec+batch16+pprio1+wupcg16+pmeta+fastplan+idleka,205.66953392291904,301.33880757202854,-46.5160161664802
rnopast,rnopast,0.4,ttft_ms,p50,roseinfer+chunk1024+batch16+pprio1+wupcg16+pmeta+fastplan,roseinfer+chunk1024+batch16+pprio1+wupcg16+pmeta+fastplan+rnopast,8.001581489224918,7.874813498347066,1.584286694431095
rnopast,rnopast,0.4,ttft_ms,p90,roseinfer+chunk1024+batch16+pprio1+wupcg16+pmeta+fastplan,roseinfer+chunk1024+batch16+pprio1+wupcg16+pmeta+fastplan+rnopast,10.72062729508616,10.441872008959763,2.6001770088040095
rnopast,rnopast,0.4,ttft_ms,p99,roseinfer+chunk1024+batch16+pprio1+wupcg16+pmeta+fastplan,roseinfer+chunk1024+batch16+pprio1+wupcg16+pmeta+fastplan+rnopast,13.403965632023743,15.617019134515427,-16.51043850190442
rnopast,rnopast,0.4,itl_ms,p50,roseinfer+chunk1024+batch16+pprio1+wupcg16+pmeta+fastplan,roseinfer+chunk1024+batch16+pprio1+wupcg16+pmeta+fastplan+rnopast,1.2767535081366077,1.2740645179292187,0.21061153858222145
rnopast,rnopast,0.4,itl_ms,p90,roseinfer+chunk1024+batch16+pprio1+wupcg16+pmeta+fastplan,roseinfer+chunk1024+batch16+pprio1+wupcg16+pmeta+fastplan+rnopast,1.5208356111543253,1.5153957821894437,0.35768684826841535
rnopast,rnopast,0.4,itl_ms,p99,roseinfer+chunk1024+batch16+pprio1+wupcg16+pmeta+fastplan,roseinfer+chunk1024+batch16+pprio1+wupcg16+pmeta+fastplan+rnopast,2.5322177947964506,2.587962649995469,-2.2014241947738737
rnopast,rnopast,0.4,tpot_ms,p50,roseinfer+chunk1024+batch16+pprio1+wupcg16+pmeta+fastplan,roseinfer+chunk1024+batch16+pprio1+wupcg16+pmeta+fastplan+rnopast,1.3360305393424516,1.3342718346279085,0.131636565389341
rnopast,rnopast,0.4,tpot_ms,p90,roseinfer+chunk1024+batch16+pprio1+wupcg16+pmeta+fastplan,roseinfer+chunk1024+batch16+pprio1+wupcg16+pmeta+fastplan+rnopast,1.4339606955872986,1.4376310268679344,-0.25595759297521326
rnopast,rnopast,0.4,tpot_ms,p99,roseinfer+chunk1024+batch16+pprio1+wupcg16+pmeta+fastplan,roseinfer+chunk1024+batch16+pprio1+wupcg16+pmeta+fastplan+rnopast,1.5736880561558704,1.6098773108582622,-2.2996460169363706
rnopast,rnopast,0.4,e2e_ms,p50,roseinfer+chunk1024+batch16+pprio1+wupcg16+pmeta+fastplan,roseinfer+chunk1024+batch16+pprio1+wupcg16+pmeta+fastplan+rnopast,172.872560491669,172.43758399854414,0.25161685109986687
rnopast,rnopast,0.4,e2e_ms,p90,roseinfer+chunk1024+batch16+pprio1+wupcg16+pmeta+fastplan,roseinfer+chunk1024+batch16+pprio1+wupcg16+pmeta+fastplan+rnopast,186.39619391178712,186.01788469241,0.20295973401482223
rnopast,rnopast,0.4,e2e_ms,p99,roseinfer+chunk1024+batch16+pprio1+wupcg16+pmeta+fastplan,roseinfer+chunk1024+batch16+pprio1+wupcg16+pmeta+fastplan+rnopast,206.47802787745604,206.9770765671273,-0.24169578468051486
scfp,scfp,0.4,ttft_ms,p50,roseinfer+chunk1024+peager+batch16+pprio1+wupcg16+pmeta+fastplan+idleka,roseinfer+chunk1024+scfp+peager+batch16+pprio1+wupcg16+pmeta+fastplan+idleka,7.899443007772788,7.712345977779478,2.3684838261281627
scfp,scfp,0.4,ttft_ms,p90,roseinfer+chunk1024+peager+batch16+pprio1+wupcg16+pmeta+fastplan+idleka,roseinfer+chunk1024+scfp+peager+batch16+pprio1+wupcg16+pmeta+fastplan+idleka,10.330550209619105,9.92892519570887,3.8877407859289828
scfp,scfp,0.4,ttft_ms,p99,roseinfer+chunk1024+peager+batch16+pprio1+wupcg16+pmeta+fastplan+idleka,roseinfer+chunk1024+scfp+peager+batch16+pprio1+wupcg16+pmeta+fastplan+idleka,11.531023351708416,13.519239731831469,-17.242323768501276
scfp,scfp,0.4,itl_ms,p50,roseinfer+chunk1024+peager+batch16+pprio1+wupcg16+pmeta+fastplan+idleka,roseinfer+chunk1024+scfp+peager+batch16+pprio1+wupcg16+pmeta+fastplan+idleka,1.2747920118272305,1.276173017686233,-0.10833185697665286
scfp,scfp,0.4,itl_ms,p90,roseinfer+chunk1024+peager+batch16+pprio1+wupcg16+pmeta+fastplan+idleka,roseinfer+chunk1024+scfp+peager+batch16+pprio1+wupcg16+pmeta+fastplan+idleka,1.5231439843773842,1.5146035351790494,0.5607118753008649
scfp,scfp,0.4,itl_ms,p99,roseinfer+chunk1024+peager+batch16+pprio1+wupcg16+pmeta+fastplan+idleka,roseinfer+chunk1024+scfp+peager+batch16+pprio1+wupcg16+pmeta+fastplan+idleka,2.3789898119867017,2.349704294465482,1.2310064285968279
scfp,scfp,0.4,tpot_ms,p50,roseinfer+chunk1024+peager+batch16+pprio1+wupcg16+pmeta+fastplan+idleka,roseinfer+chunk1024+scfp+peager+batch16+pprio1+wupcg16+pmeta+fastplan+idleka,1.3314974312256724,1.3318296261113431,-0.024948969324328225
scfp,scfp,0.4,tpot_ms,p90,roseinfer+chunk1024+peager+batch16+pprio1+wupcg16+pmeta+fastplan+idleka,roseinfer+chunk1024+scfp+peager+batch16+pprio1+wupcg16+pmeta+fastplan+idleka,1.4379857958061308,1.4338029826531655,0.29088000487657395
scfp,scfp,0.4,tpot_ms,p99,roseinfer+chunk1024+peager+batch16+pprio1+wupcg16+pmeta+fastplan+idleka,roseinfer+chunk1024+scfp+peager+batch16+pprio1+wupcg16+pmeta+fastplan+idleka,1.5552822079217998,1.5493985853482428,0.3782993558075116
scfp,scfp,0.4,e2e_ms,p50,roseinfer+chunk1024+peager+batch16+pprio1+wupcg16+pmeta+fastplan+idleka,roseinfer+chunk1024+scfp+peager+batch16+pprio1+wupcg16+pmeta+fastplan+idleka,172.4531474756077,172.23244198248722,0.12797997389505106
scfp,scfp,0.4,e2e_ms,p90,roseinfer+chunk1024+peager+batch16+pprio1+wupcg16+pmeta+fastplan+idleka,roseinfer+chunk1024+scfp+peager+batch16+pprio1+wupcg16+pmeta+fastplan+idleka,186.90772137488239,185.71586489561014,0.6376710766708936
scfp,scfp,0.4,e2e_ms,p99,roseinfer+chunk1024+peager+batch16+pprio1+wupcg16+pmeta+fastplan+idleka,roseinfer+chunk1024+scfp+peager+batch16+pprio1+wupcg16+pmeta+fastplan+idleka,205.66953392291904,211.28785458509807,-2.7317223679247835
tokbuf,tokbuf,0.4,ttft_ms,p50,roseinfer+chunk1024+batch16+pprio1+wupcg16+pmeta+fastplan,roseinfer+chunk1024+tokbuf+batch16+pprio1+wupcg16+pmeta+fastplan,8.001581489224918,7.962857518577948,0.48395396209007446
tokbuf,tokbuf,0.4,ttft_ms,p90,roseinfer+chunk1024+batch16+pprio1+wupcg16+pmeta+fastplan,roseinfer+chunk1024+tokbuf+batch16+pprio1+wupcg16+pmeta+fastplan,10.72062729508616,10.676850180607289,0.4083447103784368
tokbuf,tokbuf,0.4,ttft_ms,p99,roseinfer+chunk1024+batch16+pprio1+wupcg16+pmeta+fastplan,roseinfer+chunk1024+tokbuf+batch16+pprio1+wupcg16+pmeta+fastplan,13.403965632023743,15.188895842293276,-13.316433802285438
tokbuf,tokbuf,0.4,itl_ms,p50,roseinfer+chunk1024+batch16+pprio1+wupcg16+pmeta+fastplan,roseinfer+chunk1024+tokbuf+batch16+pprio1+wupcg16+pmeta+fastplan,1.2767535081366077,1.2718999932985753,0.38014501680250073
tokbuf,tokbuf,0.4,itl_ms,p90,roseinfer+chunk1024+batch16+pprio1+wupcg16+pmeta+fastplan,roseinfer+chunk1024+tokbuf+batch16+pprio1+wupcg16+pmeta+fastplan,1.5208356111543253,1.5250433585606515,-0.2766733876735385
tokbuf,tokbuf,0.4,itl_ms,p99,roseinfer+chunk1024+batch16+pprio1+wupcg16+pmeta+fastplan,roseinfer+chunk1024+tokbuf+batch16+pprio1+wupcg16+pmeta+fastplan,2.5322177947964506,2.5820856931386493,-1.969336857385417
tokbuf,tokbuf,0.4,tpot_ms,p50,roseinfer+chunk1024+batch16+pprio1+wupcg16+pmeta+fastplan,roseinfer+chunk1024+tokbuf+batch16+pprio1+wupcg16+pmeta+fastplan,1.3360305393424516,1.333717374116417,0.17313715202746052
tokbuf,tokbuf,0.4,tpot_ms,p90,roseinfer+chunk1024+batch16+pprio1+wupcg16+pmeta+fastplan,roseinfer+chunk1024+tokbuf+batch16+pprio1+wupcg16+pmeta+fastplan,1.4339606955872986,1.4401001780106883,-0.42814858470547457
tokbuf,tokbuf,0.4,tpot_ms,p99,roseinfer+chunk1024+batch16+pprio1+wupcg16+pmeta+fastplan,roseinfer+chunk1024+tokbuf+batch16+pprio1+wupcg16+pmeta+fastplan,1.5736880561558704,1.6122678341573162,-2.4515518085386425
tokbuf,tokbuf,0.4,e2e_ms,p50,roseinfer+chunk1024+batch16+pprio1+wupcg16+pmeta+fastplan,roseinfer+chunk1024+tokbuf+batch16+pprio1+wupcg16+pmeta+fastplan,172.872560491669,172.51017299713567,0.20962696075227438
tokbuf,tokbuf,0.4,e2e_ms,p90,roseinfer+chunk1024+batch16+pprio1+wupcg16+pmeta+fastplan,roseinfer+chunk1024+tokbuf+batch16+pprio1+wupcg16+pmeta+fastplan,186.39619391178712,186.52564629446715,-0.06945012125155979
tokbuf,tokbuf,0.4,e2e_ms,p99,roseinfer+chunk1024+batch16+pprio1+wupcg16+pmeta+fastplan,roseinfer+chunk1024+tokbuf+batch16+pprio1+wupcg16+pmeta+fastplan,206.47802787745604,206.5092810604255,-0.015136323845563624
tokbuf2,tokbuf,0.4,ttft_ms,p50,roseinfer+chunk1024+peager+batch16+pprio1+wupcg16+pmeta+fastplan+idleka,roseinfer+chunk1024+tokbuf+peager+batch16+pprio1+wupcg16+pmeta+fastplan+idleka,7.899443007772788,8.004009985597804,-1.3237259604522162
tokbuf2,tokbuf,0.4,ttft_ms,p90,roseinfer+chunk1024+peager+batch16+pprio1+wupcg16+pmeta+fastplan+idleka,roseinfer+chunk1024+tokbuf+peager+batch16+pprio1+wupcg16+pmeta+fastplan+idleka,10.330550209619105,10.425066377501935,-0.9149190117175259
tokbuf2,tokbuf,0.4,ttft_ms,p99,roseinfer+chunk1024+peager+batch16+pprio1+wupcg16+pmeta+fastplan+idleka,roseinfer+chunk1024+tokbuf+peager+batch16+pprio1+wupcg16+pmeta+fastplan+idleka,11.531023351708416,13.242744875024071,-14.844489262629487
tokbuf2,tokbuf,0.4,itl_ms,p50,roseinfer+chunk1024+peager+batch16+pprio1+wupcg16+pmeta+fastplan+idleka,roseinfer+chunk1024+tokbuf+peager+batch16+pprio1+wupcg16+pmeta+fastplan+idleka,1.2747920118272305,1.2768449960276484,-0.16104463954675546
tokbuf2,tokbuf,0.4,itl_ms,p90,roseinfer+chunk1024+peager+batch16+pprio1+wupcg16+pmeta+fastplan+idleka,roseinfer+chunk1024+tokbuf+peager+batch16+pprio1+wupcg16+pmeta+fastplan+idleka,1.5231439843773842,1.5229580458253622,0.012207549248732805
tokbuf2,tokbuf,0.4,itl_ms,p99,roseinfer+chunk1024+peager+batch16+pprio1+wupcg16+pmeta+fastplan+idleka,roseinfer+chunk1024+tokbuf+peager+batch16+pprio1+wupcg16+pmeta+fastplan+idleka,2.3789898119867017,2.5005569914355874,-5.110033630087916
tokbuf2,tokbuf,0.4,tpot_ms,p50,roseinfer+chunk1024+peager+batch16+pprio1+wupcg16+pmeta+fastplan+idleka,roseinfer+chunk1024+tokbuf+peager+batch16+pprio1+wupcg16+pmeta+fastplan+idleka,1.3314974312256724,1.3324544722889,-0.0718770491616048
tokbuf2,tokbuf,0.4,tpot_ms,p90,roseinfer+chunk1024+peager+batch16+pprio1+wupcg16+pmeta+fastplan+idleka,roseinfer+chunk1024+tokbuf+peager+batch16+pprio1+wupcg16+pmeta+fastplan+idleka,1.4379857958061308,1.437616238763564,0.025699630945216056
tokbuf2,tokbuf,0.4,tpot_ms,p99,roseinfer+chunk1024+peager+batch16+pprio1+wupcg16+pmeta+fastplan+idleka,roseinfer+chunk1024+tokbuf+peager+batch16+pprio1+wupcg16+pmeta+fastplan+idleka,1.5552822079217998,1.6106813300426637,-3.5619980630325148
tokbuf2,tokbuf,0.4,e2e_ms,p50,roseinfer+chunk1024+peager+batch16+pprio1+wupcg16+pmeta+fastplan+idleka,roseinfer+chunk1024+tokbuf+peager+batch16+pprio1+wupcg16+pmeta+fastplan+idleka,172.4531474756077,172.86579599021934,-0.2392815211853485
tokbuf2,tokbuf,0.4,e2e_ms,p90,roseinfer+chunk1024+peager+batch16+pprio1+wupcg16+pmeta+fastplan+idleka,roseinfer+chunk1024+tokbuf+peager+batch16+pprio1+wupcg16+pmeta+fastplan+idleka,186.90772137488239,186.861148418393,0.02491762038871969
tokbuf2,tokbuf,0.4,e2e_ms,p99,roseinfer+chunk1024+peager+batch16+pprio1+wupcg16+pmeta+fastplan+idleka,roseinfer+chunk1024+tokbuf+peager+batch16+pprio1+wupcg16+pmeta+fastplan+idleka,205.66953392291904,205.53501791786397,0.06540395287981252
wupcg16,wupcg16,0.4,ttft_ms,p50,roseinfer+chunk1024+batch16+pmeta+fastplan,roseinfer+chunk1024+batch16+wupcg16+pmeta+fastplan,8.129063513479196,8.06313099747058,0.8110714831947073
wupcg16,wupcg16,0.4,ttft_ms,p90,roseinfer+chunk1024+batch16+pmeta+fastplan,roseinfer+chunk1024+batch16+wupcg16+pmeta+fastplan,11.809300305321813,11.507742403773591,2.5535628170309623
wupcg16,wupcg16,0.4,ttft_ms,p99,roseinfer+chunk1024+batch16+pmeta+fastplan,roseinfer+chunk1024+batch16+wupcg16+pmeta+fastplan,19.647615879948706,14.800841882242814,24.668509539888998
wupcg16,wupcg16,0.4,itl_ms,p50,roseinfer+chunk1024+batch16+pmeta+fastplan,roseinfer+chunk1024+batch16+wupcg16+pmeta+fastplan,1.130498989368789,1.2711859890259802,-12.444681594606603
wupcg16,wupcg16,0.4,itl_ms,p90,roseinfer+chunk1024+batch16+pmeta+fastplan,roseinfer+chunk1024+batch16+wupcg16+pmeta+fastplan,1.388317396049388,1.5225702081806958,-9.670181509886655
wupcg16,wupcg16,0.4,itl_ms,p99,roseinfer+chunk1024+batch16+pmeta+fastplan,roseinfer+chunk1024+batch16+wupcg16+pmeta+fastplan,2.3173071982455427,2.553374816779981,-10.187152515349169
wupcg16,wupcg16,0.4,tpot_ms,p50,roseinfer+chunk1024+batch16+pmeta+fastplan,roseinfer+chunk1024+batch16+wupcg16+pmeta+fastplan,1.1819541535897575,1.3324910677072181,-12.736273539905019
wupcg16,wupcg16,0.4,tpot_ms,p90,roseinfer+chunk1024+batch16+pmeta+fastplan,roseinfer+chunk1024+batch16+wupcg16+pmeta+fastplan,1.386030032400291,1.43682103293065,-3.6644949491029846
wupcg16,wupcg16,0.4,tpot_ms,p99,roseinfer+chunk1024+batch16+pmeta+fastplan,roseinfer+chunk1024+batch16+wupcg16+pmeta+fastplan,1.6862544108239022,1.5821802904407718,6.171910935567537
wupcg16,wupcg16,0.4,e2e_ms,p50,roseinfer+chunk1024+batch16+pmeta+fastplan,roseinfer+chunk1024+batch16+wupcg16+pmeta+fastplan,154.21788199455477,172.4459940160159,-11.819713632239315
wupcg16,wupcg16,0.4,e2e_ms,p90,roseinfer+chunk1024+batch16+pmeta+fastplan,roseinfer+chunk1024+batch16+wupcg16+pmeta+fastplan,181.0461762972409,186.8058191088494,-3.181311491579
wupcg16,wupcg16,0.4,e2e_ms,p99,roseinfer+chunk1024+batch16+pmeta+fastplan,roseinfer+chunk1024+batch16+wupcg16+pmeta+fastplan,224.62867376365466,207.18130430526793,7.767204945858406
wuppf16,wuppf16,0.4,ttft_ms,p50,roseinfer+chunk1024+batch16+pprio1+wupcg16+pmeta+fastplan,roseinfer+chunk1024+batch16+pprio1+wupcg16+wuppf16+wpl4+pmeta+fastplan,8.001581489224918,7.839722995413467,2.022831286907627
wuppf16,wuppf16,0.4,ttft_ms,p90,roseinfer+chunk1024+batch16+pprio1+wupcg16+pmeta+fastplan,roseinfer+chunk1024+batch16+pprio1+wupcg16+wuppf16+wpl4+pmeta+fastplan,10.72062729508616,10.135636199265718,5.456687185539737
wuppf16,wuppf16,0.4,ttft_ms,p99,roseinfer+chunk1024+batch16+pprio1+wupcg16+pmeta+fastplan,roseinfer+chunk1024+batch16+pprio1+wupcg16+wuppf16+wpl4+pmeta+fastplan,13.403965632023743,13.842368745245032,-3.27069708515135
wuppf16,wuppf16,0.4,itl_ms,p50,roseinfer+chunk1024+batch16+pprio1+wupcg16+pmeta+fastplan,roseinfer+chunk1024+batch16+pprio1+wupcg16+wuppf16+wpl4+pmeta+fastplan,1.2767535081366077,1.2743640108965337,0.18715415503822622
wuppf16,wuppf16,0.4,itl_ms,p90,roseinfer+chunk1024+batch16+pprio1+wupcg16+pmeta+fastplan,roseinfer+chunk1024+batch16+pprio1+wupcg16+wuppf16+wpl4+pmeta+fastplan,1.5208356111543253,1.5181579947238788,0.176062186524826
wuppf16,wuppf16,0.4,itl_ms,p99,roseinfer+chunk1024+batch16+pprio1+wupcg16+pmeta+fastplan,roseinfer+chunk1024+batch16+pprio1+wupcg16+wuppf16+wpl4+pmeta+fastplan,2.5322177947964506,2.5815161847276618,-1.9468463586550997
wuppf16,wuppf16,0.4,tpot_ms,p50,roseinfer+chunk1024+batch16+pprio1+wupcg16+pmeta+fastplan,roseinfer+chunk1024+batch16+pprio1+wupcg16+wuppf16+wpl4+pmeta+fastplan,1.3360305393424516,1.3328196624488684,0.24032960318134045
wuppf16,wuppf16,0.4,tpot_ms,p90,roseinfer+chunk1024+batch16+pprio1+wupcg16+pmeta+fastplan,roseinfer+chunk1024+batch16+pprio1+wupcg16+wuppf16+wpl4+pmeta+fastplan,1.4339606955872986,1.438577546499555,-0.3219649552783238
wuppf16,wuppf16,0.4,tpot_ms,p99,roseinfer+chunk1024+batch16+pprio1+wupcg16+pmeta+fastplan,roseinfer+chunk1024+batch16+pprio1+wupcg16+wuppf16+wpl4+pmeta+fastplan,1.5736880561558704,1.579042649948264,-0.3402576369216084
wuppf16,wuppf16,0.4,e2e_ms,p50,roseinfer+chunk1024+batch16+pprio1+wupcg16+pmeta+fastplan,roseinfer+chunk1024+batch16+pprio1+wupcg16+wuppf16+wpl4+pmeta+fastplan,172.872560491669,172.12968297826592,0.4297255222519096
wuppf16,wuppf16,0.4,e2e_ms,p90,roseinfer+chunk1024+batch16+pprio1+wupcg16+pmeta+fastplan,roseinfer+chunk1024+batch16+pprio1+wupcg16+wuppf16+wpl4+pmeta+fastplan,186.39619391178712,185.87537861894816,0.27941305125867494
wuppf16,wuppf16,0.4,e2e_ms,p99,roseinfer+chunk1024+batch16+pprio1+wupcg16+pmeta+fastplan,roseinfer+chunk1024+batch16+pprio1+wupcg16+wuppf16+wpl4+pmeta+fastplan,206.47802787745604,206.0811709970585,0.19220295954834912
